event_starttime,event_endtime
2021-04-19 23:19:00.000,2021-04-19 23:59:00.000
2021-05-07 18:43:00.000,2021-05-07 19:19:00.000
2021-05-22 17:03:00.000,2021-05-22 17:16:00.000
2021-05-22 21:30:00.000,2021-05-22 21:43:00.000
2021-05-23 11:00:00.000,2021-05-23 11:14:00.000
2021-07-03 07:04:00.000,2021-07-03 07:22:00.000
2021-07-03 14:18:00.000,2021-07-03 14:34:00.000
2021-07-04 05:01:00.000,2021-07-04 05:15:00.000
2021-08-28 05:39:00.000,2021-08-28 06:23:00.000
2021-09-23 04:35:00.000,2021-09-23 04:50:00.000
2021-09-23 15:23:00.000,2021-09-23 15:39:00.000
2021-10-09 06:19:00.000,2021-10-09 06:53:00.000
2021-10-26 02:40:00.000,2021-10-26 02:54:00.000
2021-10-28 07:30:00.000,2021-10-28 07:45:00.000
2021-10-28 10:19:00.000,2021-10-28 10:37:00.000
2021-10-28 15:17:00.000,2021-10-28 15:48:00.000
2021-10-29 02:22:00.000,2021-10-29 02:53:00.000
2021-11-01 00:57:00.000,2021-11-01 02:10:00.000
2021-11-02 01:20:00.000,2021-11-02 03:50:00.000
2021-11-02 01:20:00.000,2021-11-02 03:50:00.000
2021-11-09 15:47:00.000,2021-11-09 17:37:00.000
2021-12-05 06:58:00.000,2021-12-05 07:36:00.000
2021-12-17 00:39:00.000,2021-12-17 00:56:00.000
2021-12-20 11:12:00.000,2021-12-20 11:55:00.000
2021-12-21 07:43:00.000,2021-12-21 07:57:00.000
2021-12-21 11:31:00.000,2021-12-21 11:49:00.000
2021-12-22 06:54:00.000,2021-12-22 07:21:00.000
2021-12-28 03:50:00.000,2021-12-28 04:10:00.000
2021-12-28 15:59:00.000,2021-12-28 16:20:00.000
2022-01-01 07:07:00.000,2022-01-01 07:42:00.000
2022-01-14 01:47:00.000,2022-01-14 02:14:00.000
2022-01-18 17:01:00.000,2022-01-18 18:17:00.000
2022-01-20 05:41:00.000,2022-01-20 06:12:00.000
2022-01-29 22:32:00.000,2022-01-30 00:32:00.000
2022-01-29 22:45:00.000,2022-01-30 00:24:00.000
2022-02-12 08:25:00.000,2022-02-12 08:56:00.000
2022-02-15 17:54:00.000,2022-02-15 18:31:00.000
2022-03-02 17:31:00.000,2022-03-02 17:47:00.000
2022-03-11 22:13:00.000,2022-03-11 22:38:00.000
2022-03-14 08:29:00.000,2022-03-14 08:45:00.000
2022-03-15 12:33:00.000,2022-03-15 12:44:00.000
2022-03-15 22:39:00.000,2022-03-15 22:52:00.000
2022-03-25 05:02:00.000,2022-03-25 05:50:00.000
2022-03-28 10:58:00.000,2022-03-28 11:45:00.000
2022-03-28 20:49:00.000,2022-03-28 21:09:00.000
2022-03-29 00:57:00.000,2022-03-29 01:26:00.000
2022-03-29 01:48:00.000,2022-03-29 02:03:00.000
2022-03-29 21:43:00.000,2022-03-29 21:57:00.000
2022-03-30 17:21:00.000,2022-03-30 17:46:00.000
2022-03-31 18:17:00.000,2022-03-31 18:45:00.000
2022-04-02 02:39:00.000,2022-04-02 03:07:00.000
2022-04-02 12:56:00.000,2022-04-02 14:44:00.000
2022-04-02 17:34:00.000,2022-04-02 17:51:00.000
2022-04-15 10:31:00.000,2022-04-15 11:07:00.000
2022-04-15 13:47:00.000,2022-04-15 14:11:00.000
2022-04-17 02:00:00.000,2022-04-17 02:23:00.000
2022-04-17 03:17:00.000,2022-04-17 03:51:00.000
2022-04-17 19:52:00.000,2022-04-17 20:06:00.000
2022-04-17 22:28:00.000,2022-04-17 22:40:00.000
2022-04-18 07:37:00.000,2022-04-18 07:54:00.000
2022-04-18 10:04:00.000,2022-04-18 10:49:00.000
2022-04-18 17:12:00.000,2022-04-18 17:31:00.000
2022-04-19 20:39:00.000,2022-04-19 20:58:00.000
2022-04-19 21:09:00.000,2022-04-19 21:18:00.000
2022-04-20 01:07:00.000,2022-04-20 01:20:00.000
2022-04-20 01:20:00.000,2022-04-20 01:44:00.000
2022-04-20 03:41:00.000,2022-04-20 04:04:00.000
2022-04-20 12:24:00.000,2022-04-20 13:02:00.000
2022-04-21 01:47:00.000,2022-04-21 02:05:00.000
2022-04-22 04:52:00.000,2022-04-22 05:28:00.000
2022-04-22 13:16:00.000,2022-04-22 13:30:00.000
2022-04-25 01:18:00.000,2022-04-25 02:39:00.000
2022-04-25 03:52:00.000,2022-04-25 04:07:00.000
2022-04-29 07:15:00.000,2022-04-29 07:42:00.000
2022-04-29 18:01:00.000,2022-04-29 18:22:00.000
2022-04-30 04:46:00.000,2022-04-30 05:07:00.000
2022-04-30 05:25:00.000,2022-04-30 05:40:00.000
2022-04-30 09:48:00.000,2022-04-30 10:05:00.000
2022-04-30 13:37:00.000,2022-04-30 13:52:00.000
2022-04-30 19:42:00.000,2022-04-30 19:54:00.000
2022-05-03 07:34:00.000,2022-05-03 08:01:00.000
2022-05-03 13:09:00.000,2022-05-03 13:31:00.000
2022-05-04 00:08:00.000,2022-05-04 00:25:00.000
2022-05-04 08:45:00.000,2022-05-04 09:10:00.000
2022-05-04 16:25:00.000,2022-05-04 16:40:00.000
2022-05-04 19:40:00.000,2022-05-04 20:03:00.000
2022-05-04 20:09:00.000,2022-05-04 20:36:00.000
2022-05-05 13:08:00.000,2022-05-05 13:22:00.000
2022-05-05 14:02:00.000,2022-05-05 14:14:00.000
2022-05-10 13:50:00.000,2022-05-10 13:59:00.000
2022-05-11 16:35:00.000,2022-05-11 16:58:00.000
2022-05-11 18:13:00.000,2022-05-11 19:27:00.000
2022-05-11 19:27:00.000,2022-05-11 19:35:00.000
2022-05-12 20:04:00.000,2022-05-12 20:27:00.000
2022-05-14 23:58:00.000,2022-05-15 00:17:00.000
2022-05-16 13:10:00.000,2022-05-16 13:44:00.000
2022-05-18 21:56:00.000,2022-05-18 22:08:00.000
2022-05-19 07:00:00.000,2022-05-19 07:31:00.000
2022-05-19 10:00:00.000,2022-05-19 10:20:00.000
2022-05-19 15:05:00.000,2022-05-19 15:23:00.000
2022-05-20 07:35:00.000,2022-05-20 07:49:00.000
2022-05-25 18:09:00.000,2022-05-25 18:43:00.000
2022-06-10 10:11:00.000,2022-06-10 11:14:00.000
2022-06-13 02:58:00.000,2022-06-13 05:12:00.000
2022-06-16 03:47:00.000,2022-06-16 03:57:00.000
2022-07-08 20:07:00.000,2022-07-08 21:28:00.000
2022-07-10 23:30:00.000,2022-07-10 23:52:00.000
2022-07-11 09:08:00.000,2022-07-11 09:39:00.000
2022-07-14 04:22:00.000,2022-07-14 04:40:00.000
2022-07-14 21:42:00.000,2022-07-14 21:53:00.000
2022-07-16 06:16:00.000,2022-07-16 06:34:00.000
2022-07-16 15:33:00.000,2022-07-16 15:44:00.000
2022-08-15 16:40:00.000,2022-08-15 16:58:00.000
2022-08-15 21:47:00.000,2022-08-15 21:58:00.000
2022-08-16 07:52:00.000,2022-08-16 08:05:00.000
2022-08-16 21:10:00.000,2022-08-16 21:28:00.000
2022-08-17 13:26:00.000,2022-08-17 13:50:00.000
2022-08-18 10:00:00.000,2022-08-18 10:13:00.000
2022-08-18 10:37:00.000,2022-08-18 11:13:00.000
2022-08-18 14:01:00.000,2022-08-18 14:18:00.000
2022-08-19 04:14:00.000,2022-08-19 05:18:00.000
2022-08-25 19:39:00.000,2022-08-25 20:02:00.000
2022-08-26 10:41:00.000,2022-08-26 11:05:00.000
2022-08-26 12:08:00.000,2022-08-26 12:21:00.000
2022-08-26 12:24:00.000,2022-08-26 12:38:00.000
2022-08-27 01:52:00.000,2022-08-27 03:05:00.000
2022-08-27 11:29:00.000,2022-08-27 11:43:00.000
2022-08-27 15:13:00.000,2022-08-27 15:30:00.000
2022-08-27 15:45:00.000,2022-08-27 16:21:00.000
2022-08-28 00:47:00.000,2022-08-28 01:38:00.000
2022-08-28 15:48:00.000,2022-08-28 16:46:00.000
2022-08-28 18:20:00.000,2022-08-28 18:50:00.000
2022-08-29 03:24:00.000,2022-08-29 03:47:00.000
2022-08-29 10:48:00.000,2022-08-29 11:12:00.000
2022-08-29 14:46:00.000,2022-08-29 15:08:00.000
2022-08-29 18:45:00.000,2022-08-29 19:08:00.000
2022-08-30 01:58:00.000,2022-08-30 02:24:00.000
2022-08-30 18:04:00.000,2022-08-30 21:23:00.000
2022-09-12 23:37:00.000,2022-09-12 23:48:00.000
2022-09-14 09:41:00.000,2022-09-14 10:43:00.000
2022-09-16 09:44:00.000,2022-09-16 09:56:00.000
2022-09-16 15:49:00.000,2022-09-16 16:12:00.000
2022-09-17 13:21:00.000,2022-09-17 13:53:00.000
2022-09-17 20:32:00.000,2022-09-17 20:52:00.000
2022-09-23 17:48:00.000,2022-09-23 18:41:00.000
2022-09-30 16:11:00.000,2022-09-30 16:33:00.000
2022-09-30 17:30:00.000,2022-09-30 17:45:00.000
2022-10-01 19:58:00.000,2022-10-01 20:16:00.000
2022-10-02 02:08:00.000,2022-10-02 02:26:00.000
2022-10-02 13:52:00.000,2022-10-02 14:23:00.000
2022-10-02 19:53:00.000,2022-10-02 20:34:00.000
2022-10-03 02:19:00.000,2022-10-03 03:02:00.000
2022-10-03 09:38:00.000,2022-10-03 10:27:00.000
2022-10-03 11:03:00.000,2022-10-03 11:19:00.000
2022-10-03 15:20:00.000,2022-10-03 15:40:00.000
2022-10-03 19:57:00.000,2022-10-03 20:52:00.000
2022-10-03 21:11:00.000,2022-10-03 21:31:00.000
2022-10-04 12:48:00.000,2022-10-04 13:51:00.000
2022-10-10 16:05:00.000,2022-10-10 16:47:00.000
2022-10-11 08:36:00.000,2022-10-11 08:46:00.000
2022-10-11 10:47:00.000,2022-10-11 10:57:00.000
2022-10-12 23:54:00.000,2022-10-13 00:37:00.000
2022-10-14 09:20:00.000,2022-10-14 09:51:00.000
2022-11-06 23:59:00.000,2022-11-07 00:16:00.000
2022-11-11 07:00:00.000,2022-11-11 07:20:00.000
2022-11-11 11:27:00.000,2022-11-11 11:46:00.000
2022-11-12 00:09:00.000,2022-11-12 00:24:00.000
2022-11-19 12:42:00.000,2022-11-19 13:11:00.000
2022-12-03 17:36:00.000,2022-12-03 17:45:00.000
2022-12-14 07:30:00.000,2022-12-14 07:47:00.000
2022-12-14 08:24:00.000,2022-12-14 08:37:00.000
2022-12-14 09:20:00.000,2022-12-14 09:35:00.000
2022-12-14 11:45:00.000,2022-12-14 12:17:00.000
2022-12-14 12:24:00.000,2022-12-14 12:38:00.000
2022-12-14 14:31:00.000,2022-12-14 14:49:00.000
2022-12-14 14:54:00.000,2022-12-14 15:04:00.000
2022-12-14 17:03:00.000,2022-12-14 17:23:00.000
2022-12-14 20:52:00.000,2022-12-14 21:02:00.000
2022-12-14 21:33:00.000,2022-12-14 21:45:00.000
2022-12-14 21:45:00.000,2022-12-14 21:57:00.000
2022-12-14 21:57:00.000,2022-12-14 22:17:00.000
2022-12-15 01:24:00.000,2022-12-15 01:49:00.000
2022-12-15 06:55:00.000,2022-12-15 07:22:00.000
2022-12-15 10:23:00.000,2022-12-15 10:37:00.000
2022-12-15 16:35:00.000,2022-12-15 16:47:00.000
2022-12-15 16:47:00.000,2022-12-15 17:12:00.000
2022-12-15 22:20:00.000,2022-12-15 22:57:00.000
2022-12-16 01:30:00.000,2022-12-16 02:30:00.000
2022-12-16 06:30:00.000,2022-12-16 06:54:00.000
2022-12-16 07:26:00.000,2022-12-16 07:47:00.000
2022-12-16 08:55:00.000,2022-12-16 09:11:00.000
2022-12-16 09:33:00.000,2022-12-16 09:50:00.000
2022-12-16 10:02:00.000,2022-12-16 10:34:00.000
2022-12-16 14:24:00.000,2022-12-16 15:04:00.000
2022-12-16 15:34:00.000,2022-12-16 15:45:00.000
2022-12-20 13:59:00.000,2022-12-20 14:14:00.000
2022-12-27 00:46:00.000,2022-12-27 01:00:00.000
2022-12-27 16:15:00.000,2022-12-27 16:34:00.000
2022-12-29 06:32:00.000,2022-12-29 08:08:00.000
2022-12-29 18:11:00.000,2022-12-29 18:26:00.000
2022-12-29 18:26:00.000,2022-12-29 18:43:00.000
2022-12-30 15:24:00.000,2022-12-30 15:32:00.000
2022-12-30 19:26:00.000,2022-12-30 19:47:00.000
2023-01-06 00:43:00.000,2023-01-06 01:07:00.000
2023-01-07 00:40:00.000,2023-01-07 01:02:00.000
2023-01-08 08:39:00.000,2023-01-08 09:06:00.000
2023-01-08 09:15:00.000,2023-01-08 10:14:00.000
2023-01-08 14:51:00.000,2023-01-08 15:21:00.000
2023-01-09 00:51:00.000,2023-01-09 01:19:00.000
2023-01-09 08:45:00.000,2023-01-09 09:16:00.000
2023-01-09 18:37:00.000,2023-01-09 18:57:00.000
2023-01-10 00:09:00.000,2023-01-10 00:22:00.000
2023-01-10 02:33:00.000,2023-01-10 02:54:00.000
2023-01-10 17:17:00.000,2023-01-10 17:34:00.000
2023-01-10 17:44:00.000,2023-01-10 17:52:00.000
2023-01-10 22:39:00.000,2023-01-10 22:52:00.000
2023-01-11 00:39:00.000,2023-01-11 01:10:00.000
2023-01-11 01:49:00.000,2023-01-11 02:01:00.000
2023-01-11 05:31:00.000,2023-01-11 06:29:00.000
2023-01-11 08:25:00.000,2023-01-11 08:37:00.000
2023-01-12 05:53:00.000,2023-01-12 06:33:00.000
2023-01-12 06:33:00.000,2023-01-12 07:02:00.000
2023-01-12 11:08:00.000,2023-01-12 11:46:00.000
2023-01-13 02:53:00.000,2023-01-13 03:03:00.000
2023-01-13 10:05:00.000,2023-01-13 10:19:00.000
2023-01-14 01:29:00.000,2023-01-14 02:30:00.000
2023-01-14 20:06:00.000,2023-01-14 20:28:00.000
2023-01-14 20:37:00.000,2023-01-14 21:19:00.000
2023-01-15 03:08:00.000,2023-01-15 04:08:00.000
2023-01-15 14:16:00.000,2023-01-15 14:51:00.000
2023-01-17 23:16:00.000,2023-01-17 23:44:00.000
2023-01-18 10:21:00.000,2023-01-18 10:52:00.000
2023-01-19 04:00:00.000,2023-01-19 04:09:00.000
2023-01-19 10:06:00.000,2023-01-19 10:19:00.000
2023-01-22 12:12:00.000,2023-01-22 12:34:00.000
2023-01-22 16:49:00.000,2023-01-22 17:10:00.000
2023-01-25 09:37:00.000,2023-01-25 10:49:00.000
2023-01-25 16:42:00.000,2023-01-25 17:13:00.000
2023-01-25 22:23:00.000,2023-01-25 22:44:00.000
2023-01-26 12:53:00.000,2023-01-26 13:15:00.000
2023-02-07 20:01:00.000,2023-02-07 20:14:00.000
2023-02-07 22:46:00.000,2023-02-07 23:05:00.000
2023-02-07 23:05:00.000,2023-02-07 23:09:00.000
2023-02-08 02:45:00.000,2023-02-08 02:57:00.000
2023-02-08 15:28:00.000,2023-02-08 16:26:00.000
2023-02-08 19:56:00.000,2023-02-08 20:46:00.000
2023-02-08 21:03:00.000,2023-02-08 21:21:00.000
2023-02-09 02:45:00.000,2023-02-09 03:28:00.000
2023-02-09 07:11:00.000,2023-02-09 07:21:00.000
2023-02-09 08:49:00.000,2023-02-09 09:24:00.000
2023-02-09 14:44:00.000,2023-02-09 15:05:00.000
2023-02-09 15:14:00.000,2023-02-09 15:34:00.000
2023-02-09 18:18:00.000,2023-02-09 19:02:00.000
2023-02-10 02:45:00.000,2023-02-10 03:20:00.000
2023-02-10 08:02:00.000,2023-02-10 08:09:00.000
2023-02-10 14:35:00.000,2023-02-10 15:12:00.000
2023-02-10 15:29:00.000,2023-02-10 16:13:00.000
2023-02-10 22:34:00.000,2023-02-10 22:48:00.000
2023-02-11 07:59:00.000,2023-02-11 08:15:00.000
2023-02-11 11:29:00.000,2023-02-11 11:41:00.000
2023-02-11 12:05:00.000,2023-02-11 12:15:00.000
2023-02-11 12:18:00.000,2023-02-11 12:28:00.000
2023-02-11 12:28:00.000,2023-02-11 12:49:00.000
2023-02-11 15:40:00.000,2023-02-11 15:54:00.000
2023-02-11 17:11:00.000,2023-02-11 17:31:00.000
2023-02-12 08:35:00.000,2023-02-12 08:52:00.000
2023-02-12 09:11:00.000,2023-02-12 09:37:00.000
2023-02-12 13:23:00.000,2023-02-12 13:44:00.000
2023-02-13 15:49:00.000,2023-02-13 16:03:00.000
2023-02-14 01:57:00.000,2023-02-14 02:07:00.000
2023-02-14 11:59:00.000,2023-02-14 12:46:00.000
2023-02-15 04:33:00.000,2023-02-15 05:07:00.000
2023-02-15 05:16:00.000,2023-02-15 05:30:00.000
2023-02-15 06:42:00.000,2023-02-15 07:19:00.000
2023-02-16 00:19:00.000,2023-02-16 00:43:00.000
2023-02-17 19:38:00.000,2023-02-17 20:50:00.000
2023-02-20 14:47:00.000,2023-02-20 15:03:00.000
2023-02-21 11:14:00.000,2023-02-21 11:31:00.000
2023-02-21 19:57:00.000,2023-02-21 20:30:00.000
2023-02-22 04:51:00.000,2023-02-22 05:40:00.000
2023-02-22 13:36:00.000,2023-02-22 13:58:00.000
2023-02-23 06:11:00.000,2023-02-23 06:18:00.000
2023-02-24 17:11:00.000,2023-02-24 17:20:00.000
2023-02-24 20:03:00.000,2023-02-24 21:29:00.000
2023-02-25 18:40:00.000,2023-02-25 20:27:00.000
2023-02-28 17:35:00.000,2023-02-28 17:56:00.000
2023-03-02 21:05:00.000,2023-03-02 21:25:00.000
2023-03-03 10:10:00.000,2023-03-03 10:48:00.000
2023-03-03 10:10:00.000,2023-03-03 10:48:00.000
2023-03-03 17:42:00.000,2023-03-03 17:59:00.000
2023-03-04 13:34:00.000,2023-03-04 13:47:00.000
2023-03-04 15:19:00.000,2023-03-04 16:26:00.000
2023-03-05 02:40:00.000,2023-03-05 03:03:00.000
2023-03-05 21:29:00.000,2023-03-05 21:41:00.000
2023-03-06 02:08:00.000,2023-03-06 02:35:00.000
2023-03-06 08:57:00.000,2023-03-06 09:37:00.000
2023-03-08 09:53:00.000,2023-03-08 10:46:00.000
2023-03-08 22:35:00.000,2023-03-08 22:52:00.000
2023-03-20 01:19:00.000,2023-03-20 02:26:00.000
2023-03-29 02:18:00.000,2023-03-29 02:40:00.000
2023-03-29 13:47:00.000,2023-03-29 14:15:00.000
2023-03-29 23:35:00.000,2023-03-29 23:58:00.000
2023-03-30 07:24:00.000,2023-03-30 07:43:00.000
2023-04-06 05:36:00.000,2023-04-06 06:04:00.000
2023-04-08 01:38:00.000,2023-04-08 01:50:00.000
2023-04-10 05:10:00.000,2023-04-10 05:28:00.000
2023-04-11 09:51:00.000,2023-04-11 10:23:00.000
2023-04-14 16:10:00.000,2023-04-14 16:25:00.000
2023-04-21 17:44:00.000,2023-04-21 18:44:00.000
2023-04-27 11:04:00.000,2023-04-27 11:23:00.000
2023-04-30 19:56:00.000,2023-04-30 20:43:00.000
2023-05-01 00:55:00.000,2023-05-01 01:29:00.000
2023-05-01 13:02:00.000,2023-05-01 13:13:00.000
2023-05-03 09:15:00.000,2023-05-03 09:33:00.000
2023-05-03 10:03:00.000,2023-05-03 10:19:00.000
2023-05-03 10:36:00.000,2023-05-03 10:49:00.000
2023-05-03 12:24:00.000,2023-05-03 12:41:00.000
2023-05-03 13:43:00.000,2023-05-03 13:54:00.000
2023-05-04 08:05:00.000,2023-05-04 09:08:00.000
2023-05-05 07:30:00.000,2023-05-05 08:33:00.000
2023-05-05 15:18:00.000,2023-05-05 15:39:00.000
2023-05-09 03:42:00.000,2023-05-09 04:05:00.000
2023-05-09 05:55:00.000,2023-05-09 06:28:00.000
2023-05-09 10:00:00.000,2023-05-09 10:33:00.000
2023-05-09 18:20:00.000,2023-05-09 19:24:00.000
2023-05-09 20:32:00.000,2023-05-09 21:04:00.000
2023-05-10 14:11:00.000,2023-05-10 14:33:00.000
2023-05-11 08:47:00.000,2023-05-11 09:11:00.000
2023-05-11 18:13:00.000,2023-05-11 18:38:00.000
2023-05-16 16:31:00.000,2023-05-16 16:51:00.000
2023-05-18 06:48:00.000,2023-05-18 07:02:00.000
2023-05-18 11:32:00.000,2023-05-18 12:00:00.000
2023-05-18 12:00:00.000,2023-05-18 12:22:00.000
2023-05-18 12:39:00.000,2023-05-18 12:56:00.000
2023-05-18 17:32:00.000,2023-05-18 18:01:00.000
2023-05-18 20:12:00.000,2023-05-18 20:51:00.000
2023-05-19 00:41:00.000,2023-05-19 00:54:00.000
2023-05-19 03:05:00.000,2023-05-19 03:23:00.000
2023-05-19 04:49:00.000,2023-05-19 05:10:00.000
2023-05-19 19:45:00.000,2023-05-19 20:14:00.000
2023-05-19 20:14:00.000,2023-05-19 20:38:00.000
2023-05-20 07:16:00.000,2023-05-20 07:36:00.000
2023-05-20 09:18:00.000,2023-05-20 09:32:00.000
2023-05-20 10:48:00.000,2023-05-20 11:10:00.000
2023-05-20 12:25:00.000,2023-05-20 12:40:00.000
2023-05-20 14:54:00.000,2023-05-20 15:04:00.000
2023-05-20 18:57:00.000,2023-05-20 19:07:00.000
2023-05-21 02:18:00.000,2023-05-21 02:33:00.000
2023-05-21 15:49:00.000,2023-05-21 16:18:00.000
2023-05-22 13:31:00.000,2023-05-22 13:43:00.000
2023-05-23 12:07:00.000,2023-05-23 12:17:00.000
2023-05-24 17:04:00.000,2023-05-24 17:48:00.000
2023-05-25 14:37:00.000,2023-05-25 14:53:00.000
2023-05-30 07:54:00.000,2023-05-30 08:19:00.000
2023-05-30 10:15:00.000,2023-05-30 10:29:00.000
2023-05-30 13:36:00.000,2023-05-30 13:41:00.000
2023-05-31 04:24:00.000,2023-05-31 04:44:00.000
2023-06-02 02:32:00.000,2023-06-02 02:45:00.000
2023-06-07 11:18:00.000,2023-06-07 11:59:00.000
2023-06-09 16:48:00.000,2023-06-09 17:25:00.000
2023-06-18 00:25:00.000,2023-06-18 00:40:00.000
2023-06-18 13:25:00.000,2023-06-18 14:14:00.000
2023-06-19 03:37:00.000,2023-06-19 03:58:00.000
2023-06-19 12:06:00.000,2023-06-19 12:18:00.000
2023-06-20 11:17:00.000,2023-06-20 11:35:00.000
2023-06-20 16:27:00.000,2023-06-20 16:42:00.000
2023-06-20 16:42:00.000,2023-06-20 17:26:00.000
2023-06-21 12:31:00.000,2023-06-21 12:54:00.000
2023-06-22 10:57:00.000,2023-06-22 11:36:00.000
2023-06-24 12:11:00.000,2023-06-24 12:24:00.000
2023-06-26 16:08:00.000,2023-06-26 16:34:00.000
2023-06-27 14:57:00.000,2023-06-27 15:19:00.000
2023-06-28 08:26:00.000,2023-06-28 08:59:00.000
2023-06-29 14:00:00.000,2023-06-29 14:23:00.000
2023-07-01 22:07:00.000,2023-07-01 22:31:00.000
2023-07-02 02:29:00.000,2023-07-02 02:40:00.000
2023-07-03 06:43:00.000,2023-07-03 06:59:00.000
2023-07-04 12:20:00.000,2023-07-04 12:55:00.000
2023-07-07 06:17:00.000,2023-07-07 06:38:00.000
2023-07-10 03:29:00.000,2023-07-10 04:12:00.000
2023-07-10 22:06:00.000,2023-07-10 22:29:00.000
2023-07-11 14:19:00.000,2023-07-11 14:45:00.000
2023-07-11 16:02:00.000,2023-07-11 16:35:00.000
2023-07-11 17:51:00.000,2023-07-11 18:16:00.000
2023-07-13 18:55:00.000,2023-07-13 19:36:00.000
2023-07-15 07:21:00.000,2023-07-15 07:56:00.000
2023-07-15 10:05:00.000,2023-07-15 10:14:00.000
2023-07-16 14:57:00.000,2023-07-16 15:12:00.000
2023-07-16 17:36:00.000,2023-07-16 18:59:00.000
2023-07-17 22:41:00.000,2023-07-17 23:06:00.000
2023-07-18 06:45:00.000,2023-07-18 07:02:00.000
2023-07-18 19:32:00.000,2023-07-18 20:00:00.000
2023-07-18 20:00:00.000,2023-07-18 20:11:00.000
2023-07-18 20:16:00.000,2023-07-18 20:35:00.000
2023-07-19 10:49:00.000,2023-07-19 11:02:00.000
2023-07-19 17:04:00.000,2023-07-19 17:43:00.000
2023-07-22 03:12:00.000,2023-07-22 03:55:00.000
2023-07-25 01:36:00.000,2023-07-25 02:24:00.000
2023-07-25 21:08:00.000,2023-07-25 21:24:00.000
2023-07-26 04:21:00.000,2023-07-26 04:33:00.000
2023-07-26 10:17:00.000,2023-07-26 10:48:00.000
2023-07-26 15:50:00.000,2023-07-26 16:07:00.000
2023-07-27 09:44:00.000,2023-07-27 09:58:00.000
2023-07-28 15:39:00.000,2023-07-28 16:13:00.000
2023-07-29 16:11:00.000,2023-07-29 16:37:00.000
2023-07-30 08:01:00.000,2023-07-30 08:18:00.000
2023-07-30 08:18:00.000,2023-07-30 08:26:00.000
2023-07-31 08:42:00.000,2023-07-31 09:13:00.000
2023-08-01 01:58:00.000,2023-08-01 02:07:00.000
2023-08-01 04:27:00.000,2023-08-01 05:07:00.000
2023-08-01 05:30:00.000,2023-08-01 05:43:00.000
2023-08-01 06:28:00.000,2023-08-01 07:19:00.000
2023-08-01 09:03:00.000,2023-08-01 09:16:00.000
2023-08-01 14:03:00.000,2023-08-01 14:27:00.000
2023-08-02 08:03:00.000,2023-08-02 08:21:00.000
2023-08-02 10:44:00.000,2023-08-02 10:54:00.000
2023-08-02 14:46:00.000,2023-08-02 14:56:00.000
2023-08-02 16:13:00.000,2023-08-02 16:26:00.000
2023-08-02 19:09:00.000,2023-08-02 19:21:00.000
2023-08-03 11:47:00.000,2023-08-03 11:59:00.000
2023-08-04 03:38:00.000,2023-08-04 05:11:00.000
2023-08-05 06:16:00.000,2023-08-05 09:06:00.000
2023-08-05 09:23:00.000,2023-08-05 09:50:00.000
2023-08-05 21:45:00.000,2023-08-05 22:44:00.000
2023-08-06 18:20:00.000,2023-08-06 18:54:00.000
2023-08-07 04:29:00.000,2023-08-07 04:51:00.000
2023-08-07 19:37:00.000,2023-08-07 19:58:00.000
2023-08-07 20:30:00.000,2023-08-07 21:18:00.000
2023-08-08 09:20:00.000,2023-08-08 09:41:00.000
2023-08-25 00:56:00.000,2023-08-25 01:26:00.000
2023-09-01 02:54:00.000,2023-09-01 04:47:00.000
2023-09-02 06:33:00.000,2023-09-02 07:38:00.000
2023-09-03 00:14:00.000,2023-09-03 00:33:00.000
2023-09-03 08:09:00.000,2023-09-03 08:49:00.000
2023-09-05 08:03:00.000,2023-09-05 08:24:00.000
2023-09-05 19:33:00.000,2023-09-05 19:57:00.000
2023-09-07 18:58:00.000,2023-09-07 19:24:00.000
2023-09-11 01:08:00.000,2023-09-11 01:57:00.000
2023-09-11 03:58:00.000,2023-09-11 04:15:00.000
2023-09-11 14:38:00.000,2023-09-11 14:59:00.000
2023-09-12 04:18:00.000,2023-09-12 04:31:00.000
2023-09-12 06:47:00.000,2023-09-12 07:19:00.000
2023-09-14 06:40:00.000,2023-09-14 08:39:00.000
2023-09-14 19:23:00.000,2023-09-14 19:40:00.000
2023-09-14 21:17:00.000,2023-09-14 21:32:00.000
2023-09-15 22:19:00.000,2023-09-15 22:34:00.000
2023-09-16 00:38:00.000,2023-09-16 00:57:00.000
2023-09-16 05:30:00.000,2023-09-16 05:51:00.000
2023-09-19 03:45:00.000,2023-09-19 04:01:00.000
2023-09-19 09:23:00.000,2023-09-19 09:44:00.000
2023-09-19 20:01:00.000,2023-09-19 20:21:00.000
2023-09-20 14:11:00.000,2023-09-20 14:25:00.000
2023-09-21 12:42:00.000,2023-09-21 13:02:00.000
2023-09-22 02:25:00.000,2023-09-22 06:56:00.000
2023-09-22 15:53:00.000,2023-09-22 16:46:00.000
2023-09-22 17:06:00.000,2023-09-22 17:20:00.000
2023-09-22 22:25:00.000,2023-09-22 23:13:00.000
2023-09-23 20:14:00.000,2023-09-23 21:00:00.000
2023-09-24 03:17:00.000,2023-09-24 03:36:00.000
2023-09-28 08:58:00.000,2023-09-28 09:11:00.000
2023-09-30 16:16:00.000,2023-09-30 16:49:00.000
2023-10-01 01:10:00.000,2023-10-01 01:43:00.000
2023-10-02 12:35:00.000,2023-10-02 12:58:00.000
2023-10-07 17:57:00.000,2023-10-07 18:10:00.000
2023-10-10 01:55:00.000,2023-10-10 02:22:00.000
2023-10-10 12:08:00.000,2023-10-10 12:29:00.000
2023-10-12 04:50:00.000,2023-10-12 05:05:00.000
2023-11-01 06:07:00.000,2023-11-01 06:49:00.000
2023-11-01 11:37:00.000,2023-11-01 13:00:00.000
2023-11-02 12:18:00.000,2023-11-02 12:26:00.000
2023-11-05 11:34:00.000,2023-11-05 11:47:00.000
2023-11-05 14:24:00.000,2023-11-05 14:36:00.000
2023-11-11 17:01:00.000,2023-11-11 17:45:00.000
2023-11-18 05:37:00.000,2023-11-18 05:50:00.000
2023-11-18 16:34:00.000,2023-11-18 16:54:00.000
2023-11-20 08:54:00.000,2023-11-20 09:12:00.000
2023-11-23 02:59:00.000,2023-11-23 04:05:00.000
2023-11-24 09:17:00.000,2023-11-24 09:43:00.000
2023-12-01 04:12:00.000,2023-12-01 05:07:00.000
2023-12-05 06:39:00.000,2023-12-05 06:48:00.000
2023-12-09 09:41:00.000,2023-12-09 10:06:00.000
2023-12-10 03:42:00.000,2023-12-10 03:58:00.000
2023-12-14 07:11:00.000,2023-12-14 08:00:00.000
2023-12-14 13:29:00.000,2023-12-14 14:08:00.000
2023-12-14 16:47:00.000,2023-12-14 17:12:00.000
2023-12-15 07:03:00.000,2023-12-15 07:23:00.000
2023-12-15 07:23:00.000,2023-12-15 07:43:00.000
2023-12-17 20:08:00.000,2023-12-17 20:21:00.000
2023-12-21 05:19:00.000,2023-12-21 05:49:00.000
2023-12-24 11:09:00.000,2023-12-24 11:24:00.000
2023-12-24 16:37:00.000,2023-12-24 16:56:00.000
2023-12-31 21:36:00.000,2023-12-31 22:08:00.000
2024-01-01 08:33:00.000,2024-01-01 09:04:00.000
2024-01-01 11:54:00.000,2024-01-01 12:35:00.000
2024-01-02 18:02:00.000,2024-01-02 18:56:00.000
2024-01-04 01:08:00.000,2024-01-04 01:22:00.000
2024-01-04 01:22:00.000,2024-01-04 02:12:00.000
2024-01-10 12:39:00.000,2024-01-10 13:05:00.000
2024-01-10 23:18:00.000,2024-01-10 23:35:00.000
2024-01-11 12:44:00.000,2024-01-11 12:55:00.000
2024-01-11 17:49:00.000,2024-01-11 17:59:00.000
2024-01-11 19:08:00.000,2024-01-11 19:49:00.000
2024-01-22 06:09:00.000,2024-01-22 06:30:00.000
2024-01-22 19:28:00.000,2024-01-22 19:36:00.000
2024-01-22 19:43:00.000,2024-01-22 19:53:00.000
2024-01-22 21:14:00.000,2024-01-22 21:32:00.000
2024-01-22 21:36:00.000,2024-01-22 21:58:00.000
2024-01-22 22:19:00.000,2024-01-22 22:26:00.000
2024-01-23 03:09:00.000,2024-01-23 03:38:00.000
2024-01-23 07:52:00.000,2024-01-23 08:18:00.000
2024-01-23 08:18:00.000,2024-01-23 08:26:00.000
2024-01-23 14:45:00.000,2024-01-23 15:05:00.000
2024-01-23 16:36:00.000,2024-01-23 16:47:00.000
2024-01-23 18:35:00.000,2024-01-23 18:49:00.000
2024-01-24 01:31:00.000,2024-01-24 01:53:00.000
2024-01-24 05:18:00.000,2024-01-24 06:00:00.000
2024-01-24 20:44:00.000,2024-01-24 21:11:00.000
2024-01-29 01:29:00.000,2024-01-29 01:52:00.000
2024-01-29 03:54:00.000,2024-01-29 05:15:00.000
2024-02-02 02:52:00.000,2024-02-02 03:05:00.000
2024-02-04 11:40:00.000,2024-02-04 12:08:00.000
2024-02-04 16:22:00.000,2024-02-04 16:46:00.000
2024-02-04 17:05:00.000,2024-02-04 17:19:00.000
2024-02-04 18:16:00.000,2024-02-04 18:43:00.000
2024-02-04 20:52:00.000,2024-02-04 21:01:00.000
2024-02-04 22:20:00.000,2024-02-04 22:34:00.000
2024-02-04 22:34:00.000,2024-02-04 22:42:00.000
2024-02-05 04:13:00.000,2024-02-05 04:44:00.000
2024-02-05 06:10:00.000,2024-02-05 06:26:00.000
2024-02-06 02:15:00.000,2024-02-06 02:37:00.000
2024-02-06 02:37:00.000,2024-02-06 03:37:00.000
2024-02-06 18:38:00.000,2024-02-06 19:07:00.000
2024-02-07 03:04:00.000,2024-02-07 04:11:00.000
2024-02-07 17:41:00.000,2024-02-07 18:35:00.000
2024-02-08 12:41:00.000,2024-02-08 13:37:00.000
2024-02-08 14:11:00.000,2024-02-08 14:25:00.000
2024-02-08 15:17:00.000,2024-02-08 15:27:00.000
2024-02-08 18:56:00.000,2024-02-08 19:06:00.000
2024-02-08 23:16:00.000,2024-02-09 00:36:00.000
2024-02-09 00:36:00.000,2024-02-09 00:45:00.000
2024-02-09 12:53:00.000,2024-02-09 13:32:00.000
2024-02-09 17:54:00.000,2024-02-09 18:07:00.000
2024-02-10 00:42:00.000,2024-02-10 01:00:00.000
2024-02-10 03:04:00.000,2024-02-10 04:29:00.000
2024-02-10 22:56:00.000,2024-02-10 23:14:00.000
2024-02-12 03:23:00.000,2024-02-12 03:53:00.000
2024-02-12 12:50:00.000,2024-02-12 13:21:00.000
2024-02-12 15:31:00.000,2024-02-12 16:03:00.000
2024-02-12 20:35:00.000,2024-02-12 21:51:00.000
2024-02-15 16:50:00.000,2024-02-15 17:21:00.000
2024-02-16 02:39:00.000,2024-02-16 02:57:00.000
2024-02-16 06:42:00.000,2024-02-16 06:58:00.000
2024-02-16 21:57:00.000,2024-02-16 22:16:00.000
2024-02-21 22:52:00.000,2024-02-21 23:14:00.000
2024-02-21 23:58:00.000,2024-02-22 00:31:00.000
2024-02-22 06:17:00.000,2024-02-22 06:40:00.000
2024-02-22 20:29:00.000,2024-02-22 21:03:00.000
2024-02-22 22:08:00.000,2024-02-22 22:43:00.000
2024-02-23 15:41:00.000,2024-02-23 16:06:00.000
2024-02-23 17:26:00.000,2024-02-23 18:07:00.000
2024-02-24 06:21:00.000,2024-02-24 06:44:00.000
2024-02-24 10:32:00.000,2024-02-24 11:03:00.000
2024-02-24 11:03:00.000,2024-02-24 11:25:00.000
2024-02-25 16:47:00.000,2024-02-25 17:47:00.000
2024-02-28 16:24:00.000,2024-02-28 21:15:00.000
2024-03-08 21:18:00.000,2024-03-08 21:31:00.000
2024-03-10 12:00:00.000,2024-03-10 12:20:00.000
2024-03-16 16:22:00.000,2024-03-16 16:44:00.000
2024-03-16 21:27:00.000,2024-03-16 22:11:00.000
2024-03-18 03:21:00.000,2024-03-18 03:45:00.000
2024-03-18 19:02:00.000,2024-03-18 19:28:00.000
2024-03-19 02:24:00.000,2024-03-19 02:38:00.000
2024-03-19 23:17:00.000,2024-03-19 23:32:00.000
2024-03-20 07:23:00.000,2024-03-20 07:47:00.000
2024-03-20 22:46:00.000,2024-03-20 23:00:00.000
2024-03-22 20:18:00.000,2024-03-22 20:45:00.000
2024-03-22 21:20:00.000,2024-03-22 21:25:00.000
2024-03-23 00:58:00.000,2024-03-23 02:21:00.000
2024-03-23 06:47:00.000,2024-03-23 06:59:00.000
2024-03-23 07:01:00.000,2024-03-23 07:26:00.000
2024-03-23 07:26:00.000,2024-03-23 07:47:00.000
2024-03-23 12:36:00.000,2024-03-23 12:56:00.000
2024-03-23 13:04:00.000,2024-03-23 13:20:00.000
2024-03-23 13:31:00.000,2024-03-23 13:44:00.000
2024-03-23 13:51:00.000,2024-03-23 14:15:00.000
2024-03-23 14:49:00.000,2024-03-23 14:58:00.000
2024-03-23 15:01:00.000,2024-03-23 15:17:00.000
2024-03-23 16:22:00.000,2024-03-23 17:07:00.000
2024-03-23 23:30:00.000,2024-03-24 00:03:00.000
2024-03-24 01:12:00.000,2024-03-24 01:30:00.000
2024-03-24 01:43:00.000,2024-03-24 01:57:00.000
2024-03-24 01:57:00.000,2024-03-24 02:09:00.000
2024-03-24 02:09:00.000,2024-03-24 02:29:00.000
2024-03-24 05:59:00.000,2024-03-24 06:10:00.000
2024-03-24 07:36:00.000,2024-03-24 08:06:00.000
2024-03-24 12:10:00.000,2024-03-24 12:22:00.000
2024-03-24 13:00:00.000,2024-03-24 13:28:00.000
2024-03-25 06:37:00.000,2024-03-25 06:48:00.000
2024-03-26 00:28:00.000,2024-03-26 00:40:00.000
2024-03-26 10:36:00.000,2024-03-26 10:52:00.000
2024-03-26 12:55:00.000,2024-03-26 13:41:00.000
2024-03-26 13:41:00.000,2024-03-26 13:50:00.000
2024-03-26 21:43:00.000,2024-03-26 22:07:00.000
2024-03-27 01:37:00.000,2024-03-27 01:52:00.000
2024-03-27 06:33:00.000,2024-03-27 06:50:00.000
2024-03-28 06:16:00.000,2024-03-28 06:36:00.000
2024-03-28 15:40:00.000,2024-03-28 16:03:00.000
2024-03-28 19:21:00.000,2024-03-28 19:38:00.000
2024-03-28 20:29:00.000,2024-03-28 21:01:00.000
2024-03-29 02:17:00.000,2024-03-29 02:42:00.000
2024-03-29 19:19:00.000,2024-03-29 19:56:00.000
2024-03-30 21:01:00.000,2024-03-30 22:15:00.000
2024-04-01 01:13:00.000,2024-04-01 01:57:00.000
2024-04-11 16:52:00.000,2024-04-11 17:11:00.000
2024-04-13 04:58:00.000,2024-04-13 05:06:00.000
2024-04-14 02:24:00.000,2024-04-14 02:36:00.000
2024-04-15 01:06:00.000,2024-04-15 01:26:00.000
2024-04-15 08:38:00.000,2024-04-15 08:47:00.000
2024-04-15 09:21:00.000,2024-04-15 09:42:00.000
2024-04-15 13:43:00.000,2024-04-15 14:08:00.000
2024-04-15 13:43:00.000,2024-04-15 14:01:00.000
2024-04-15 14:01:00.000,2024-04-15 14:06:00.000
2024-04-15 14:08:00.000,2024-04-15 14:27:00.000
2024-04-15 19:25:00.000,2024-04-15 19:39:00.000
2024-04-16 17:49:00.000,2024-04-16 18:14:00.000
2024-04-17 21:55:00.000,2024-04-17 22:17:00.000
2024-04-18 02:32:00.000,2024-04-18 02:53:00.000
2024-04-18 07:17:00.000,2024-04-18 08:09:00.000
2024-04-18 20:12:00.000,2024-04-18 20:21:00.000
2024-04-19 04:40:00.000,2024-04-19 05:03:00.000
2024-04-21 15:07:00.000,2024-04-21 15:20:00.000
2024-04-21 21:44:00.000,2024-04-21 21:57:00.000
2024-04-22 13:13:00.000,2024-04-22 14:17:00.000
2024-04-22 14:46:00.000,2024-04-22 15:08:00.000
2024-04-22 15:08:00.000,2024-04-22 15:32:00.000
2024-04-22 15:41:00.000,2024-04-22 15:58:00.000
2024-04-22 21:05:00.000,2024-04-22 21:24:00.000
2024-04-23 03:06:00.000,2024-04-23 03:35:00.000
2024-04-23 08:07:00.000,2024-04-23 08:29:00.000
2024-04-23 17:33:00.000,2024-04-23 17:52:00.000
2024-04-24 00:13:00.000,2024-04-24 00:38:00.000
2024-04-24 02:30:00.000,2024-04-24 02:44:00.000
2024-04-24 12:07:00.000,2024-04-24 12:39:00.000
2024-04-24 22:27:00.000,2024-04-24 22:54:00.000
2024-04-24 22:54:00.000,2024-04-24 23:05:00.000
2024-04-25 17:03:00.000,2024-04-25 17:16:00.000
2024-04-27 12:23:00.000,2024-04-27 12:44:00.000
2024-04-27 21:29:00.000,2024-04-27 21:49:00.000
2024-04-29 00:33:00.000,2024-04-29 00:54:00.000
2024-04-29 00:54:00.000,2024-04-29 01:20:00.000
2024-04-30 00:46:00.000,2024-04-30 01:31:00.000
2024-04-30 14:50:00.000,2024-04-30 15:26:00.000
2024-04-30 16:11:00.000,2024-04-30 16:47:00.000
2024-04-30 23:23:00.000,2024-04-30 23:58:00.000
2024-05-01 14:17:00.000,2024-05-01 14:37:00.000
2024-05-01 14:37:00.000,2024-05-01 14:48:00.000
2024-05-01 22:26:00.000,2024-05-01 22:37:00.000
2024-05-02 20:52:00.000,2024-05-02 21:01:00.000
2024-05-03 00:08:00.000,2024-05-03 00:19:00.000
2024-05-03 02:11:00.000,2024-05-03 02:27:00.000
2024-05-03 08:05:00.000,2024-05-03 08:16:00.000
2024-05-03 22:25:00.000,2024-05-03 23:11:00.000
2024-05-03 23:24:00.000,2024-05-03 23:36:00.000
2024-05-04 00:26:00.000,2024-05-04 00:44:00.000
2024-05-04 06:02:00.000,2024-05-04 06:30:00.000
2024-05-04 07:04:00.000,2024-05-04 07:11:00.000
2024-05-04 18:10:00.000,2024-05-04 18:25:00.000
2024-05-04 22:23:00.000,2024-05-04 22:54:00.000
2024-05-04 23:28:00.000,2024-05-04 23:55:00.000
2024-05-05 01:15:00.000,2024-05-05 01:43:00.000
2024-05-05 05:47:00.000,2024-05-05 06:07:00.000
2024-05-05 08:07:00.000,2024-05-05 08:24:00.000
2024-05-05 09:23:00.000,2024-05-05 09:53:00.000
2024-05-05 09:53:00.000,2024-05-05 10:19:00.000
2024-05-05 11:41:00.000,2024-05-05 12:16:00.000
2024-05-05 14:33:00.000,2024-05-05 14:56:00.000
2024-05-05 15:28:00.000,2024-05-05 15:51:00.000
2024-05-05 16:55:00.000,2024-05-05 17:06:00.000
2024-05-05 19:44:00.000,2024-05-05 20:06:00.000
2024-05-06 00:47:00.000,2024-05-06 01:14:00.000
2024-05-06 05:09:00.000,2024-05-06 05:38:00.000
2024-05-06 05:38:00.000,2024-05-06 06:47:00.000
2024-05-06 09:49:00.000,2024-05-06 10:04:00.000
2024-05-06 21:37:00.000,2024-05-06 21:58:00.000
2024-05-06 21:58:00.000,2024-05-06 23:07:00.000
2024-05-07 00:41:00.000,2024-05-07 01:23:00.000
2024-05-07 05:58:00.000,2024-05-07 06:27:00.000
2024-05-07 08:18:00.000,2024-05-07 08:40:00.000
2024-05-07 11:40:00.000,2024-05-07 12:01:00.000
2024-05-07 12:43:00.000,2024-05-07 12:59:00.000
2024-05-07 16:21:00.000,2024-05-07 16:36:00.000
2024-05-07 19:58:00.000,2024-05-07 20:34:00.000
2024-05-07 21:13:00.000,2024-05-07 21:42:00.000
2024-05-07 21:42:00.000,2024-05-07 22:08:00.000
2024-05-08 01:33:00.000,2024-05-08 01:48:00.000
2024-05-08 02:16:00.000,2024-05-08 02:36:00.000
2024-05-08 03:19:00.000,2024-05-08 03:38:00.000
2024-05-08 04:37:00.000,2024-05-08 05:32:00.000
2024-05-08 07:29:00.000,2024-05-08 07:53:00.000
2024-05-08 09:31:00.000,2024-05-08 09:42:00.000
2024-05-08 09:43:00.000,2024-05-08 09:56:00.000
2024-05-08 11:09:00.000,2024-05-08 11:26:00.000
2024-05-08 17:32:00.000,2024-05-08 18:00:00.000
2024-05-08 18:14:00.000,2024-05-08 18:51:00.000
2024-05-08 19:15:00.000,2024-05-08 19:29:00.000
2024-05-08 20:27:00.000,2024-05-08 20:39:00.000
2024-05-08 21:08:00.000,2024-05-08 23:10:00.000
2024-05-08 21:08:00.000,2024-05-08 22:05:00.000
2024-05-08 21:08:00.000,2024-05-09 03:07:00.000
2024-05-08 22:05:00.000,2024-05-08 22:45:00.000
2024-05-08 22:05:00.000,2024-05-08 23:12:00.000
2024-05-09 03:07:00.000,2024-05-09 03:23:00.000
2024-05-09 03:23:00.000,2024-05-09 03:45:00.000
2024-05-09 04:44:00.000,2024-05-09 04:55:00.000
2024-05-09 06:03:00.000,2024-05-09 06:24:00.000
2024-05-09 08:45:00.000,2024-05-09 09:36:00.000
2024-05-09 11:52:00.000,2024-05-09 12:02:00.000
2024-05-09 12:05:00.000,2024-05-09 12:20:00.000
2024-05-09 13:16:00.000,2024-05-09 13:29:00.000
2024-05-09 17:23:00.000,2024-05-09 18:00:00.000
2024-05-09 22:24:00.000,2024-05-09 22:47:00.000
2024-05-09 23:04:00.000,2024-05-09 23:13:00.000
2024-05-09 23:44:00.000,2024-05-09 23:55:00.000
2024-05-10 00:10:00.000,2024-05-10 00:22:00.000
2024-05-10 03:15:00.000,2024-05-10 03:40:00.000
2024-05-10 06:14:00.000,2024-05-10 06:27:00.000
2024-05-10 06:27:00.000,2024-05-10 07:06:00.000
2024-05-10 10:10:00.000,2024-05-10 10:19:00.000
2024-05-10 13:58:00.000,2024-05-10 14:23:00.000
2024-05-10 18:26:00.000,2024-05-10 18:38:00.000
2024-05-10 18:38:00.000,2024-05-10 18:57:00.000
2024-05-10 18:57:00.000,2024-05-10 19:10:00.000
2024-05-10 19:35:00.000,2024-05-10 19:56:00.000
2024-05-10 19:56:00.000,2024-05-10 20:18:00.000
2024-05-10 20:59:00.000,2024-05-10 21:12:00.000
2024-05-11 01:10:00.000,2024-05-11 01:39:00.000
2024-05-11 10:03:00.000,2024-05-11 10:34:00.000
2024-05-11 10:53:00.000,2024-05-11 11:00:00.000
2024-05-11 11:15:00.000,2024-05-11 12:05:00.000
2024-05-11 13:45:00.000,2024-05-11 14:08:00.000
2024-05-11 14:46:00.000,2024-05-11 15:52:00.000
2024-05-11 20:32:00.000,2024-05-11 20:47:00.000
2024-05-12 00:41:00.000,2024-05-12 00:52:00.000
2024-05-12 05:37:00.000,2024-05-12 06:06:00.000
2024-05-12 12:27:00.000,2024-05-12 12:54:00.000
2024-05-12 13:49:00.000,2024-05-12 14:08:00.000
2024-05-12 16:11:00.000,2024-05-12 16:38:00.000
2024-05-12 20:17:00.000,2024-05-12 20:49:00.000
2024-05-12 22:01:00.000,2024-05-12 22:12:00.000
2024-05-12 22:14:00.000,2024-05-12 22:24:00.000
2024-05-13 01:23:00.000,2024-05-13 01:38:00.000
2024-05-13 08:06:00.000,2024-05-13 08:23:00.000
2024-05-13 08:23:00.000,2024-05-13 08:33:00.000
2024-05-13 08:48:00.000,2024-05-13 10:57:00.000
2024-05-13 12:56:00.000,2024-05-13 13:23:00.000
2024-05-13 21:48:00.000,2024-05-13 22:07:00.000
2024-05-14 02:03:00.000,2024-05-14 02:19:00.000
2024-05-14 12:40:00.000,2024-05-14 13:05:00.000
2024-05-14 16:46:00.000,2024-05-14 17:02:00.000
2024-05-14 17:25:00.000,2024-05-14 18:18:00.000
2024-05-15 08:18:00.000,2024-05-15 08:52:00.000
2024-05-15 13:56:00.000,2024-05-15 14:10:00.000
2024-05-15 14:10:00.000,2024-05-15 14:20:00.000
2024-05-15 14:20:00.000,2024-05-15 14:51:00.000
2024-05-17 20:33:00.000,2024-05-17 21:26:00.000
2024-05-19 13:37:00.000,2024-05-19 13:48:00.000
2024-05-19 17:47:00.000,2024-05-19 18:00:00.000
2024-05-19 21:53:00.000,2024-05-19 22:03:00.000
2024-05-21 19:19:00.000,2024-05-21 19:39:00.000
2024-05-22 03:02:00.000,2024-05-22 03:23:00.000
2024-05-22 03:38:00.000,2024-05-22 04:22:00.000
2024-05-22 13:51:00.000,2024-05-22 14:12:00.000
2024-05-23 02:05:00.000,2024-05-23 02:26:00.000
2024-05-23 04:03:00.000,2024-05-23 04:54:00.000
2024-05-23 12:48:00.000,2024-05-23 13:44:00.000
2024-05-24 06:28:00.000,2024-05-24 07:21:00.000
2024-05-24 20:05:00.000,2024-05-24 20:36:00.000
2024-05-27 06:49:00.000,2024-05-27 07:25:00.000
2024-05-29 00:57:00.000,2024-05-29 01:12:00.000
2024-05-29 06:33:00.000,2024-05-29 06:58:00.000
2024-05-29 11:09:00.000,2024-05-29 11:26:00.000
2024-05-29 12:45:00.000,2024-05-29 13:06:00.000
2024-05-29 14:11:00.000,2024-05-29 15:38:00.000
2024-05-29 18:15:00.000,2024-05-29 18:32:00.000
2024-05-29 18:32:00.000,2024-05-29 18:45:00.000
2024-05-31 21:52:00.000,2024-05-31 22:09:00.000
2024-06-01 01:30:00.000,2024-06-02 20:28:00.000
2024-06-01 08:26:00.000,2024-06-01 08:58:00.000
2024-06-01 18:24:00.000,2024-06-01 18:49:00.000
2024-06-02 04:41:00.000,2024-06-02 05:05:00.000
2024-06-02 08:40:00.000,2024-06-02 08:56:00.000
2024-06-03 11:49:00.000,2024-06-03 12:00:00.000
2024-06-03 12:18:00.000,2024-06-03 12:31:00.000
2024-06-03 13:58:00.000,2024-06-03 14:23:00.000
2024-06-04 06:09:00.000,2024-06-04 06:51:00.000
2024-06-04 08:57:00.000,2024-06-04 09:08:00.000
2024-06-05 08:32:00.000,2024-06-05 09:14:00.000
2024-06-05 09:52:00.000,2024-06-05 10:17:00.000
2024-06-06 14:50:00.000,2024-06-06 15:22:00.000
2024-06-07 08:52:00.000,2024-06-07 09:30:00.000
2024-06-07 16:11:00.000,2024-06-07 16:42:00.000
2024-06-08 00:18:00.000,2024-06-08 00:35:00.000
2024-06-08 00:39:00.000,2024-06-08 00:57:00.000
2024-06-08 01:23:00.000,2024-06-08 02:19:00.000
2024-06-08 05:17:00.000,2024-06-08 05:38:00.000
2024-06-08 08:34:00.000,2024-06-08 08:54:00.000
2024-06-08 08:54:00.000,2024-06-08 09:02:00.000
2024-06-09 06:49:00.000,2024-06-09 07:16:00.000
2024-06-09 08:02:00.000,2024-06-09 08:32:00.000
2024-06-10 05:58:00.000,2024-06-10 06:16:00.000
2024-06-10 09:38:00.000,2024-06-10 10:18:00.000
2024-06-10 10:18:00.000,2024-06-10 11:18:00.000
2024-06-10 10:18:00.000,2024-06-10 11:03:00.000
2024-06-10 13:20:00.000,2024-06-10 13:35:00.000
2024-06-10 18:11:00.000,2024-06-10 19:18:00.000
2024-06-12 22:24:00.000,2024-06-12 23:35:00.000
2024-06-13 16:34:00.000,2024-06-13 16:55:00.000
2024-06-14 04:14:00.000,2024-06-14 04:43:00.000
2024-06-15 06:00:00.000,2024-06-15 06:43:00.000
2024-06-17 07:54:00.000,2024-06-17 08:16:00.000
2024-06-17 10:42:00.000,2024-06-17 10:50:00.000
2024-06-17 19:57:00.000,2024-06-17 20:56:00.000
2024-06-18 11:14:00.000,2024-06-18 11:33:00.000
2024-06-18 12:11:00.000,2024-06-18 12:26:00.000
2024-06-19 06:15:00.000,2024-06-19 06:58:00.000
2024-06-20 15:09:00.000,2024-06-20 15:22:00.000
2024-06-20 23:00:00.000,2024-06-20 23:20:00.000
2024-06-22 04:22:00.000,2024-06-22 04:47:00.000
2024-06-22 08:43:00.000,2024-06-22 09:08:00.000
2024-06-23 06:16:00.000,2024-06-23 06:48:00.000
2024-06-23 11:26:00.000,2024-06-23 11:50:00.000
2024-06-23 12:51:00.000,2024-06-23 13:11:00.000
2024-06-24 04:08:00.000,2024-06-24 04:23:00.000
2024-06-24 04:45:00.000,2024-06-24 04:56:00.000
2024-06-24 11:09:00.000,2024-06-24 11:15:00.000
2024-06-24 11:44:00.000,2024-06-24 11:53:00.000
2024-06-24 19:02:00.000,2024-06-24 19:14:00.000
2024-07-01 10:51:00.000,2024-07-01 11:07:00.000
2024-07-03 07:29:00.000,2024-07-03 07:55:00.000
2024-07-04 19:54:00.000,2024-07-04 20:13:00.000
2024-07-07 21:14:00.000,2024-07-07 21:42:00.000
2024-07-07 21:42:00.000,2024-07-07 21:54:00.000
2024-07-07 21:54:00.000,2024-07-07 22:04:00.000
2024-07-07 22:04:00.000,2024-07-07 22:45:00.000
2024-07-08 12:34:00.000,2024-07-08 12:46:00.000
2024-07-10 05:44:00.000,2024-07-10 06:09:00.000
2024-07-10 09:26:00.000,2024-07-10 09:53:00.000
2024-07-10 11:44:00.000,2024-07-10 12:17:00.000
2024-07-10 12:51:00.000,2024-07-10 13:13:00.000
2024-07-11 04:03:00.000,2024-07-11 04:37:00.000
2024-07-11 06:17:00.000,2024-07-11 06:32:00.000
2024-07-13 02:55:00.000,2024-07-13 03:36:00.000
2024-07-13 12:21:00.000,2024-07-13 12:58:00.000
2024-07-13 14:59:00.000,2024-07-13 15:41:00.000
2024-07-13 15:41:00.000,2024-07-13 15:48:00.000
2024-07-13 22:44:00.000,2024-07-13 23:12:00.000
2024-07-14 01:05:00.000,2024-07-14 01:31:00.000
2024-07-14 02:23:00.000,2024-07-14 02:48:00.000
2024-07-14 04:05:00.000,2024-07-14 04:18:00.000
2024-07-15 03:29:00.000,2024-07-15 03:55:00.000
2024-07-15 09:21:00.000,2024-07-15 10:08:00.000
2024-07-15 10:08:00.000,2024-07-15 10:19:00.000
2024-07-16 02:49:00.000,2024-07-16 03:22:00.000
2024-07-16 07:24:00.000,2024-07-16 07:50:00.000
2024-07-16 13:11:00.000,2024-07-16 13:36:00.000
2024-07-16 21:06:00.000,2024-07-16 21:36:00.000
2024-07-16 21:46:00.000,2024-07-16 22:17:00.000
2024-07-17 06:26:00.000,2024-07-17 07:01:00.000
2024-07-17 07:01:00.000,2024-07-17 07:13:00.000
2024-07-17 09:26:00.000,2024-07-17 10:10:00.000
2024-07-17 19:40:00.000,2024-07-17 19:53:00.000
2024-07-17 19:53:00.000,2024-07-17 20:04:00.000
2024-07-18 10:04:00.000,2024-07-18 10:20:00.000
2024-07-18 10:20:00.000,2024-07-18 10:31:00.000
2024-07-19 08:13:00.000,2024-07-19 08:30:00.000
2024-07-19 17:53:00.000,2024-07-19 18:25:00.000
2024-07-20 07:10:00.000,2024-07-20 07:24:00.000
2024-07-20 18:36:00.000,2024-07-20 19:02:00.000
2024-07-21 03:46:00.000,2024-07-21 03:59:00.000
2024-07-21 08:28:00.000,2024-07-21 08:41:00.000
2024-07-21 23:21:00.000,2024-07-21 23:34:00.000
2024-07-22 03:27:00.000,2024-07-22 03:37:00.000
2024-07-22 03:55:00.000,2024-07-22 04:08:00.000
2024-07-22 04:14:00.000,2024-07-22 04:43:00.000
2024-07-22 09:31:00.000,2024-07-22 09:40:00.000
2024-07-22 12:47:00.000,2024-07-22 13:04:00.000
2024-07-23 13:49:00.000,2024-07-23 15:09:00.000
2024-07-24 07:28:00.000,2024-07-24 07:50:00.000
2024-07-24 17:07:00.000,2024-07-24 17:27:00.000
2024-07-25 15:27:00.000,2024-07-25 15:43:00.000
2024-07-26 04:30:00.000,2024-07-26 04:51:00.000
2024-07-27 02:21:00.000,2024-07-27 02:45:00.000
2024-07-27 05:12:00.000,2024-07-27 06:19:00.000
2024-07-27 10:16:00.000,2024-07-27 11:06:00.000
2024-07-27 17:50:00.000,2024-07-27 18:17:00.000
2024-07-27 18:24:00.000,2024-07-27 18:51:00.000
2024-07-28 01:39:00.000,2024-07-28 01:53:00.000
2024-07-28 01:53:00.000,2024-07-28 02:01:00.000
2024-07-28 03:37:00.000,2024-07-28 04:03:00.000
2024-07-28 10:27:00.000,2024-07-28 10:54:00.000
2024-07-28 12:43:00.000,2024-07-28 12:55:00.000
2024-07-28 18:08:00.000,2024-07-28 18:40:00.000
2024-07-28 20:25:00.000,2024-07-28 20:49:00.000
2024-07-29 02:33:00.000,2024-07-29 02:43:00.000
2024-07-29 12:16:00.000,2024-07-29 12:29:00.000
2024-07-29 12:47:00.000,2024-07-29 13:04:00.000
2024-07-29 14:04:00.000,2024-07-29 15:09:00.000
2024-07-29 19:40:00.000,2024-07-29 20:10:00.000
2024-07-29 20:55:00.000,2024-07-29 21:06:00.000
2024-07-30 00:52:00.000,2024-07-30 01:20:00.000
2024-07-30 01:20:00.000,2024-07-30 01:30:00.000
2024-07-30 01:30:00.000,2024-07-30 01:36:00.000
2024-07-30 01:35:00.000,2024-07-30 01:44:00.000
2024-07-30 06:16:00.000,2024-07-30 06:46:00.000
2024-07-30 16:12:00.000,2024-07-30 16:42:00.000
2024-07-30 19:10:00.000,2024-07-30 19:25:00.000
2024-07-30 19:25:00.000,2024-07-30 20:04:00.000
2024-07-31 01:43:00.000,2024-07-31 01:54:00.000
2024-07-31 05:07:00.000,2024-07-31 05:38:00.000
2024-07-31 06:28:00.000,2024-07-31 06:58:00.000
2024-07-31 12:45:00.000,2024-07-31 13:26:00.000
2024-07-31 13:26:00.000,2024-07-31 13:37:00.000
2024-07-31 16:10:00.000,2024-07-31 16:41:00.000
2024-07-31 18:05:00.000,2024-07-31 18:58:00.000
2024-07-31 18:07:00.000,2024-07-31 18:57:00.000
2024-07-31 21:36:00.000,2024-07-31 22:10:00.000
2024-08-01 00:50:00.000,2024-08-01 01:03:00.000
2024-08-01 01:47:00.000,2024-08-01 01:54:00.000
2024-08-01 02:58:00.000,2024-08-01 03:14:00.000
2024-08-01 03:59:00.000,2024-08-01 04:23:00.000
2024-08-01 04:35:00.000,2024-08-01 04:45:00.000
2024-08-01 05:52:00.000,2024-08-01 06:00:00.000
2024-08-01 06:23:00.000,2024-08-01 07:39:00.000
2024-08-01 11:09:00.000,2024-08-01 11:41:00.000
2024-08-01 16:33:00.000,2024-08-01 16:44:00.000
2024-08-01 17:22:00.000,2024-08-01 17:34:00.000
2024-08-01 20:12:00.000,2024-08-01 20:32:00.000
2024-08-01 23:00:00.000,2024-08-01 23:17:00.000
2024-08-02 03:17:00.000,2024-08-02 03:31:00.000
2024-08-02 03:53:00.000,2024-08-02 04:03:00.000
2024-08-02 04:23:00.000,2024-08-02 05:35:00.000
2024-08-02 04:23:00.000,2024-08-02 05:35:00.000
2024-08-02 07:51:00.000,2024-08-02 08:03:00.000
2024-08-02 09:08:00.000,2024-08-02 09:28:00.000
2024-08-02 09:45:00.000,2024-08-02 09:55:00.000
2024-08-02 12:28:00.000,2024-08-02 12:38:00.000
2024-08-02 13:44:00.000,2024-08-02 14:00:00.000
2024-08-02 15:21:00.000,2024-08-02 15:35:00.000
2024-08-02 23:41:00.000,2024-08-03 00:22:00.000
2024-08-03 04:45:00.000,2024-08-03 05:05:00.000
2024-08-03 06:52:00.000,2024-08-03 07:11:00.000
2024-08-03 07:11:00.000,2024-08-03 07:34:00.000
2024-08-03 13:26:00.000,2024-08-03 13:55:00.000
2024-08-03 16:49:00.000,2024-08-03 16:58:00.000
2024-08-03 17:13:00.000,2024-08-03 17:34:00.000
2024-08-03 18:29:00.000,2024-08-03 18:44:00.000
2024-08-03 19:17:00.000,2024-08-03 19:43:00.000
2024-08-04 01:45:00.000,2024-08-04 02:17:00.000
2024-08-04 09:35:00.000,2024-08-04 09:48:00.000
2024-08-04 09:48:00.000,2024-08-04 10:03:00.000
2024-08-04 10:03:00.000,2024-08-04 10:12:00.000
2024-08-04 10:27:00.000,2024-08-04 11:24:00.000
2024-08-04 15:11:00.000,2024-08-04 15:19:00.000
2024-08-05 02:22:00.000,2024-08-05 02:35:00.000
2024-08-05 05:13:00.000,2024-08-05 05:27:00.000
2024-08-05 09:49:00.000,2024-08-05 10:09:00.000
2024-08-05 13:24:00.000,2024-08-05 13:54:00.000
2024-08-05 15:18:00.000,2024-08-05 15:32:00.000
2024-08-05 18:20:00.000,2024-08-05 18:42:00.000
2024-08-06 02:50:00.000,2024-08-06 03:08:00.000
2024-08-07 02:21:00.000,2024-08-07 02:38:00.000
2024-08-07 02:21:00.000,2024-08-07 02:38:00.000
2024-08-07 04:52:00.000,2024-08-07 05:01:00.000
2024-08-07 04:52:00.000,2024-08-07 05:01:00.000
2024-08-07 13:30:00.000,2024-08-07 13:58:00.000
2024-08-07 18:31:00.000,2024-08-07 19:08:00.000
2024-08-08 00:49:00.000,2024-08-08 01:15:00.000
2024-08-08 03:27:00.000,2024-08-08 05:09:00.000
2024-08-08 11:24:00.000,2024-08-08 11:52:00.000
2024-08-08 13:36:00.000,2024-08-08 13:52:00.000
2024-08-08 19:01:00.000,2024-08-08 19:57:00.000
2024-08-08 22:46:00.000,2024-08-08 22:56:00.000
2024-08-09 10:41:00.000,2024-08-09 11:24:00.000
2024-08-09 11:56:00.000,2024-08-09 12:13:00.000
2024-08-09 21:10:00.000,2024-08-09 21:50:00.000
2024-08-09 23:43:00.000,2024-08-09 23:55:00.000
2024-08-10 00:52:00.000,2024-08-10 01:07:00.000
2024-08-10 02:14:00.000,2024-08-10 02:52:00.000
2024-08-10 04:03:00.000,2024-08-10 04:21:00.000
2024-08-10 14:05:00.000,2024-08-10 15:10:00.000
2024-08-10 15:11:00.000,2024-08-10 15:20:00.000
2024-08-11 05:23:00.000,2024-08-11 05:37:00.000
2024-08-11 05:23:00.000,2024-08-11 05:37:00.000
2024-08-11 19:57:00.000,2024-08-11 20:36:00.000
2024-08-11 23:40:00.000,2024-08-12 00:26:00.000
2024-08-12 22:47:00.000,2024-08-12 23:04:00.000
2024-08-13 22:38:00.000,2024-08-13 22:57:00.000
2024-08-13 23:26:00.000,2024-08-14 00:06:00.000
2024-08-14 03:33:00.000,2024-08-14 04:27:00.000
2024-08-14 06:00:00.000,2024-08-14 07:08:00.000
2024-08-14 15:39:00.000,2024-08-14 15:57:00.000
2024-08-15 03:35:00.000,2024-08-15 03:56:00.000
2024-08-16 13:13:00.000,2024-08-16 13:35:00.000
2024-08-17 10:24:00.000,2024-08-17 10:42:00.000
2024-08-17 11:22:00.000,2024-08-17 11:56:00.000
2024-08-17 21:37:00.000,2024-08-17 21:57:00.000
2024-08-17 21:57:00.000,2024-08-17 22:14:00.000
2024-08-18 01:50:00.000,2024-08-18 02:12:00.000
2024-08-18 04:07:00.000,2024-08-18 04:31:00.000
2024-08-18 07:15:00.000,2024-08-18 07:44:00.000
2024-08-18 20:52:00.000,2024-08-18 21:22:00.000
2024-08-18 23:46:00.000,2024-08-19 00:13:00.000
2024-08-19 09:28:00.000,2024-08-19 09:40:00.000
2024-08-19 21:41:00.000,2024-08-19 22:02:00.000
2024-08-20 04:37:00.000,2024-08-20 04:54:00.000
2024-08-20 17:06:00.000,2024-08-20 17:12:00.000
2024-08-21 05:53:00.000,2024-08-21 06:11:00.000
2024-08-21 21:59:00.000,2024-08-21 22:17:00.000
2024-08-22 10:32:00.000,2024-08-22 10:47:00.000
2024-08-23 03:31:00.000,2024-08-23 03:45:00.000
2024-08-23 13:50:00.000,2024-08-23 14:10:00.000
2024-08-23 14:52:00.000,2024-08-23 15:13:00.000
2024-08-23 16:33:00.000,2024-08-23 17:00:00.000
2024-08-23 19:23:00.000,2024-08-23 19:39:00.000
2024-08-23 19:39:00.000,2024-08-23 19:49:00.000
2024-08-23 20:08:00.000,2024-08-23 20:18:00.000
2024-08-24 00:02:00.000,2024-08-24 00:20:00.000
2024-08-24 19:17:00.000,2024-08-24 19:35:00.000
2024-08-24 21:28:00.000,2024-08-24 21:55:00.000
2024-08-24 23:18:00.000,2024-08-24 23:32:00.000
2024-08-26 11:28:00.000,2024-08-26 11:52:00.000
2024-08-27 09:30:00.000,2024-08-27 09:56:00.000
2024-08-30 02:00:00.000,2024-08-30 02:14:00.000
2024-08-30 12:13:00.000,2024-08-30 12:25:00.000
2024-08-31 00:38:00.000,2024-08-31 00:54:00.000
2024-08-31 02:26:00.000,2024-08-31 02:48:00.000
2024-08-31 08:52:00.000,2024-08-31 09:09:00.000
2024-08-31 12:50:00.000,2024-08-31 13:11:00.000
2024-09-01 07:47:00.000,2024-09-01 08:06:00.000
2024-09-01 11:41:00.000,2024-09-01 14:36:00.000
2024-09-01 19:55:00.000,2024-09-01 20:11:00.000
2024-09-01 22:37:00.000,2024-09-01 22:57:00.000
2024-09-02 05:18:00.000,2024-09-02 05:49:00.000
2024-09-02 13:33:00.000,2024-09-02 13:53:00.000
2024-09-02 19:57:00.000,2024-09-02 20:28:00.000
2024-09-02 20:56:00.000,2024-09-02 21:10:00.000
2024-09-02 22:35:00.000,2024-09-02 23:30:00.000
2024-09-03 07:12:00.000,2024-09-03 07:39:00.000
2024-09-03 15:51:00.000,2024-09-03 16:08:00.000
2024-09-04 02:43:00.000,2024-09-04 03:11:00.000
2024-09-04 04:49:00.000,2024-09-04 05:05:00.000
2024-09-04 19:41:00.000,2024-09-04 20:16:00.000
2024-09-05 03:12:00.000,2024-09-05 03:37:00.000
2024-09-05 08:47:00.000,2024-09-05 09:01:00.000
2024-09-05 09:26:00.000,2024-09-05 09:52:00.000
2024-09-05 13:20:00.000,2024-09-05 13:35:00.000
2024-09-07 06:17:00.000,2024-09-07 09:17:00.000
2024-09-08 15:07:00.000,2024-09-08 15:56:00.000
2024-09-09 05:40:00.000,2024-09-09 05:58:00.000
2024-09-09 08:41:00.000,2024-09-09 09:02:00.000
2024-09-09 09:57:00.000,2024-09-09 10:48:00.000
2024-09-09 16:58:00.000,2024-09-09 17:16:00.000
2024-09-09 23:47:00.000,2024-09-10 01:03:00.000
2024-09-10 15:34:00.000,2024-09-10 16:02:00.000
2024-09-11 12:27:00.000,2024-09-11 12:47:00.000
2024-09-11 15:09:00.000,2024-09-11 15:24:00.000
2024-09-11 15:24:00.000,2024-09-11 17:16:00.000
2024-09-11 17:16:00.000,2024-09-11 17:32:00.000
2024-09-11 17:44:00.000,2024-09-11 18:00:00.000
2024-09-11 23:49:00.000,2024-09-12 00:32:00.000
2024-09-12 04:26:00.000,2024-09-12 04:39:00.000
2024-09-12 06:04:00.000,2024-09-12 06:29:00.000
2024-09-12 09:31:00.000,2024-09-12 09:51:00.000
2024-09-12 13:13:00.000,2024-09-12 13:32:00.000
2024-09-12 14:31:00.000,2024-09-12 14:47:00.000
2024-09-12 14:56:00.000,2024-09-12 15:20:00.000
2024-09-13 00:46:00.000,2024-09-13 01:05:00.000
2024-09-13 01:29:00.000,2024-09-13 01:53:00.000
2024-09-13 02:33:00.000,2024-09-13 02:44:00.000
2024-09-13 04:37:00.000,2024-09-13 04:46:00.000
2024-09-13 04:58:00.000,2024-09-13 05:07:00.000
2024-09-13 06:38:00.000,2024-09-13 07:34:00.000
2024-09-13 07:03:00.000,2024-09-13 07:12:00.000
2024-09-13 08:14:00.000,2024-09-13 08:50:00.000
2024-09-13 14:56:00.000,2024-09-13 15:33:00.000
2024-09-13 17:49:00.000,2024-09-13 18:03:00.000
2024-09-13 20:41:00.000,2024-09-13 20:55:00.000
2024-09-14 07:26:00.000,2024-09-14 07:53:00.000
2024-09-14 15:13:00.000,2024-09-14 15:47:00.000
2024-09-22 21:12:00.000,2024-09-22 22:05:00.000
2024-09-23 14:23:00.000,2024-09-23 15:34:00.000
2024-09-25 22:57:00.000,2024-09-25 23:23:00.000
2024-09-26 22:58:00.000,2024-09-26 23:20:00.000
2024-09-29 14:09:00.000,2024-09-29 14:31:00.000
2024-09-29 14:31:00.000,2024-09-29 14:46:00.000
2024-09-30 23:37:00.000,2024-10-01 00:23:00.000
2024-10-01 18:52:00.000,2024-10-01 19:37:00.000
2024-10-01 21:58:00.000,2024-10-01 22:29:00.000
2024-10-02 02:31:00.000,2024-10-02 02:43:00.000
2024-10-02 05:30:00.000,2024-10-02 05:46:00.000
2024-10-02 06:19:00.000,2024-10-02 06:28:00.000
2024-10-02 13:22:00.000,2024-10-02 13:58:00.000
2024-10-02 19:58:00.000,2024-10-02 20:27:00.000
2024-10-02 20:27:00.000,2024-10-02 21:06:00.000
2024-10-03 02:23:00.000,2024-10-03 02:48:00.000
2024-10-03 03:22:00.000,2024-10-03 03:59:00.000
2024-10-03 08:10:00.000,2024-10-03 08:30:00.000
2024-10-03 08:30:00.000,2024-10-03 08:41:00.000
2024-10-03 12:08:00.000,2024-10-03 12:27:00.000
2024-10-03 17:18:00.000,2024-10-03 17:27:00.000
2024-10-03 20:09:00.000,2024-10-03 20:40:00.000
2024-10-03 21:39:00.000,2024-10-03 21:48:00.000
2024-10-03 23:25:00.000,2024-10-03 23:30:00.000
2024-10-04 00:09:00.000,2024-10-04 00:25:00.000
2024-10-04 04:36:00.000,2024-10-04 05:07:00.000
2024-10-04 10:58:00.000,2024-10-04 11:16:00.000
2024-10-04 20:55:00.000,2024-10-04 21:13:00.000
2024-10-04 22:04:00.000,2024-10-04 22:18:00.000
2024-10-05 08:18:00.000,2024-10-05 08:37:00.000
2024-10-05 08:37:00.000,2024-10-05 08:50:00.000
2024-10-05 20:33:00.000,2024-10-05 20:46:00.000
2024-10-05 23:10:00.000,2024-10-05 23:28:00.000
2024-10-06 15:14:00.000,2024-10-06 15:25:00.000
2024-10-06 18:52:00.000,2024-10-06 19:04:00.000
2024-10-06 20:52:00.000,2024-10-06 21:47:00.000
2024-10-07 18:03:00.000,2024-10-07 19:02:00.000
2024-10-07 19:02:00.000,2024-10-07 19:31:00.000
2024-10-07 20:03:00.000,2024-10-07 21:27:00.000
2024-10-08 08:43:00.000,2024-10-08 08:57:00.000
2024-10-09 01:25:00.000,2024-10-09 02:43:00.000
2024-10-09 05:41:00.000,2024-10-09 06:02:00.000
2024-10-09 15:44:00.000,2024-10-09 15:53:00.000
2024-10-09 22:59:00.000,2024-10-09 23:21:00.000
2024-10-10 11:47:00.000,2024-10-10 12:10:00.000
2024-10-10 12:10:00.000,2024-10-10 12:23:00.000
2024-10-10 21:54:00.000,2024-10-10 23:10:00.000
2024-10-11 15:48:00.000,2024-10-11 16:07:00.000
2024-10-11 16:07:00.000,2024-10-11 16:46:00.000
2024-10-14 00:04:00.000,2024-10-14 00:31:00.000
2024-10-14 13:22:00.000,2024-10-14 13:50:00.000
2024-10-15 02:02:00.000,2024-10-15 02:23:00.000
2024-10-15 02:23:00.000,2024-10-15 02:31:00.000
2024-10-15 10:00:00.000,2024-10-15 10:10:00.000
2024-10-15 18:00:00.000,2024-10-15 18:28:00.000
2024-10-15 18:28:00.000,2024-10-15 18:38:00.000
2024-10-16 03:12:00.000,2024-10-16 03:38:00.000
2024-10-16 03:38:00.000,2024-10-16 03:59:00.000
2024-10-16 04:57:00.000,2024-10-16 05:29:00.000
2024-10-16 13:12:00.000,2024-10-16 13:38:00.000
2024-10-16 14:29:00.000,2024-10-16 14:51:00.000
2024-10-16 14:51:00.000,2024-10-16 15:04:00.000
2024-10-17 04:53:00.000,2024-10-17 05:13:00.000
2024-10-18 17:28:00.000,2024-10-18 17:41:00.000
2024-10-18 19:27:00.000,2024-10-18 19:43:00.000
2024-10-18 23:13:00.000,2024-10-18 23:38:00.000
2024-10-19 06:48:00.000,2024-10-19 07:03:00.000
2024-10-19 14:27:00.000,2024-10-19 14:40:00.000
2024-10-24 03:30:00.000,2024-10-24 04:28:00.000
2024-10-24 10:22:00.000,2024-10-24 10:34:00.000
2024-10-25 07:23:00.000,2024-10-25 07:38:00.000
2024-10-26 05:57:00.000,2024-10-26 06:32:00.000
2024-10-26 05:57:00.000,2024-10-26 07:56:00.000
2024-10-26 06:32:00.000,2024-10-26 07:56:00.000
2024-10-26 11:36:00.000,2024-10-26 11:57:00.000
2024-10-26 11:58:00.000,2024-10-26 12:13:00.000
2024-10-26 14:04:00.000,2024-10-26 14:30:00.000
2024-10-27 23:05:00.000,2024-10-27 23:44:00.000
2024-10-28 03:59:00.000,2024-10-28 04:16:00.000
2024-10-28 14:41:00.000,2024-10-28 14:48:00.000
2024-10-28 16:13:00.000,2024-10-28 16:44:00.000
2024-10-29 16:21:00.000,2024-10-29 16:41:00.000
2024-10-30 20:29:00.000,2024-10-30 21:14:00.000
2024-10-31 09:22:00.000,2024-10-31 09:56:00.000
2024-10-31 12:41:00.000,2024-10-31 13:03:00.000
2024-10-31 13:46:00.000,2024-10-31 14:11:00.000
2024-10-31 21:03:00.000,2024-10-31 21:12:00.000
2024-10-31 21:12:00.000,2024-10-31 21:27:00.000
2024-11-01 02:05:00.000,2024-11-01 02:20:00.000
2024-11-01 12:39:00.000,2024-11-01 13:00:00.000
2024-11-01 14:18:00.000,2024-11-01 14:42:00.000
2024-11-02 08:13:00.000,2024-11-02 08:45:00.000
2024-11-03 03:02:00.000,2024-11-03 03:16:00.000
2024-11-03 08:39:00.000,2024-11-03 09:11:00.000
2024-11-03 15:11:00.000,2024-11-03 15:29:00.000
2024-11-03 17:38:00.000,2024-11-03 17:58:00.000
2024-11-04 00:52:00.000,2024-11-04 01:02:00.000
2024-11-04 01:05:00.000,2024-11-04 02:03:00.000
2024-11-04 03:38:00.000,2024-11-04 03:53:00.000
2024-11-04 04:31:00.000,2024-11-04 04:38:00.000
2024-11-04 07:02:00.000,2024-11-04 07:21:00.000
2024-11-04 08:29:00.000,2024-11-04 08:47:00.000
2024-11-04 10:07:00.000,2024-11-04 10:25:00.000
2024-11-04 14:05:00.000,2024-11-04 14:50:00.000
2024-11-04 15:00:00.000,2024-11-04 15:12:00.000
2024-11-04 15:26:00.000,2024-11-04 15:45:00.000
2024-11-04 15:38:00.000,2024-11-04 15:45:00.000
2024-11-05 06:35:00.000,2024-11-05 07:08:00.000
2024-11-05 13:28:00.000,2024-11-05 13:54:00.000
2024-11-05 13:58:00.000,2024-11-05 14:27:00.000
2024-11-05 15:05:00.000,2024-11-05 15:43:00.000
2024-11-06 02:28:00.000,2024-11-06 02:46:00.000
2024-11-06 03:02:00.000,2024-11-06 03:14:00.000
2024-11-06 07:36:00.000,2024-11-06 08:23:00.000
2024-11-06 08:48:00.000,2024-11-06 08:54:00.000
2024-11-06 11:56:00.000,2024-11-06 12:10:00.000
2024-11-06 12:56:00.000,2024-11-06 13:11:00.000
2024-11-06 13:24:00.000,2024-11-06 13:46:00.000
2024-11-06 14:27:00.000,2024-11-06 14:45:00.000
2024-11-06 17:10:00.000,2024-11-06 17:23:00.000
2024-11-06 18:53:00.000,2024-11-06 19:13:00.000
2024-11-06 20:35:00.000,2024-11-06 20:52:00.000
2024-11-06 22:43:00.000,2024-11-06 23:10:00.000
2024-11-06 23:10:00.000,2024-11-06 23:21:00.000
2024-11-06 23:42:00.000,2024-11-07 00:16:00.000
2024-11-07 01:15:00.000,2024-11-07 01:39:00.000
2024-11-07 03:52:00.000,2024-11-07 04:32:00.000
2024-11-07 07:20:00.000,2024-11-07 07:36:00.000
2024-11-07 07:36:00.000,2024-11-07 07:46:00.000
2024-11-07 07:46:00.000,2024-11-07 08:01:00.000
2024-11-07 11:53:00.000,2024-11-07 12:11:00.000
2024-11-07 14:49:00.000,2024-11-07 15:20:00.000
2024-11-08 02:53:00.000,2024-11-08 03:12:00.000
2024-11-09 20:44:00.000,2024-11-09 20:54:00.000
2024-11-10 00:04:00.000,2024-11-10 00:23:00.000
2024-11-10 11:51:00.000,2024-11-10 12:14:00.000
2024-11-10 20:09:00.000,2024-11-10 20:34:00.000
2024-11-11 05:07:00.000,2024-11-11 05:36:00.000
2024-11-11 05:36:00.000,2024-11-11 05:52:00.000
2024-11-13 16:57:00.000,2024-11-13 17:17:00.000
2024-11-15 00:13:00.000,2024-11-16 02:08:00.000
2024-11-15 01:38:00.000,2024-11-15 02:08:00.000
2024-11-16 01:26:00.000,2024-11-16 01:41:00.000
2024-11-18 07:25:00.000,2024-11-18 07:36:00.000
2024-11-18 07:54:00.000,2024-11-18 08:01:00.000
2024-11-18 10:41:00.000,2024-11-18 11:02:00.000
2024-11-18 11:06:00.000,2024-11-18 11:19:00.000
2024-11-18 11:19:00.000,2024-11-18 11:44:00.000
2024-11-18 12:42:00.000,2024-11-18 12:57:00.000
2024-11-18 17:43:00.000,2024-11-18 17:54:00.000
2024-11-18 18:45:00.000,2024-11-18 19:48:00.000
2024-11-18 23:50:00.000,2024-11-19 00:04:00.000
2024-11-20 19:11:00.000,2024-11-20 20:44:00.000
2024-11-22 15:42:00.000,2024-11-22 15:51:00.000
2024-11-23 15:54:00.000,2024-11-23 16:21:00.000
2024-11-23 17:49:00.000,2024-11-23 18:34:00.000
2024-11-24 20:11:00.000,2024-11-24 20:31:00.000
2024-11-25 01:39:00.000,2024-11-25 02:11:00.000
2024-11-25 04:39:00.000,2024-11-25 04:59:00.000
2024-11-25 07:24:00.000,2024-11-25 08:03:00.000
2024-11-25 12:01:00.000,2024-11-25 12:17:00.000
2024-11-25 16:58:00.000,2024-11-25 17:16:00.000
2024-11-25 20:24:00.000,2024-11-25 21:23:00.000
2024-12-04 09:52:00.000,2024-12-04 10:08:00.000
2024-12-04 20:31:00.000,2024-12-04 20:57:00.000
2024-12-04 20:57:00.000,2024-12-04 21:12:00.000
2024-12-05 08:12:00.000,2024-12-05 08:24:00.000
2024-12-05 10:32:00.000,2024-12-05 10:46:00.000
2024-12-06 09:06:00.000,2024-12-06 09:42:00.000
2024-12-07 13:00:00.000,2024-12-07 13:15:00.000
2024-12-07 21:53:00.000,2024-12-07 22:26:00.000
2024-12-08 08:50:00.000,2024-12-08 09:10:00.000
2024-12-08 16:00:00.000,2024-12-08 16:18:00.000
2024-12-10 07:03:00.000,2024-12-10 07:14:00.000
2024-12-10 10:55:00.000,2024-12-10 11:09:00.000
2024-12-10 17:54:00.000,2024-12-10 18:03:00.000
2024-12-11 05:54:00.000,2024-12-11 06:09:00.000
2024-12-11 10:03:00.000,2024-12-11 10:10:00.000
2024-12-11 15:32:00.000,2024-12-11 15:56:00.000
2024-12-12 17:31:00.000,2024-12-12 17:50:00.000
2024-12-12 20:58:00.000,2024-12-12 21:12:00.000
2024-12-13 11:13:00.000,2024-12-13 11:30:00.000
2024-12-19 10:21:00.000,2024-12-19 10:57:00.000
2024-12-19 15:27:00.000,2024-12-19 15:39:00.000
2024-12-19 18:56:00.000,2024-12-19 19:04:00.000
2024-12-20 07:20:00.000,2024-12-20 07:35:00.000
2024-12-20 11:15:00.000,2024-12-20 11:22:00.000
2024-12-21 00:33:00.000,2024-12-21 00:42:00.000
2024-12-22 20:39:00.000,2024-12-22 20:54:00.000
2024-12-23 11:06:00.000,2024-12-23 11:16:00.000
2024-12-24 00:14:00.000,2024-12-24 00:24:00.000
2024-12-24 08:28:00.000,2024-12-24 08:45:00.000
2024-12-24 14:02:00.000,2024-12-24 14:14:00.000
2024-12-24 16:25:00.000,2024-12-24 16:41:00.000
2024-12-24 22:24:00.000,2024-12-24 22:42:00.000
2024-12-25 04:14:00.000,2024-12-25 04:39:00.000
2024-12-25 04:46:00.000,2024-12-25 04:53:00.000
2024-12-25 23:59:00.000,2024-12-26 00:53:00.000
2024-12-26 02:52:00.000,2024-12-26 03:25:00.000
2024-12-27 15:27:00.000,2024-12-27 15:45:00.000
2024-12-27 20:29:00.000,2024-12-27 20:41:00.000
2024-12-28 11:12:00.000,2024-12-28 11:31:00.000
2024-12-28 15:14:00.000,2024-12-28 15:23:00.000
2024-12-28 22:04:00.000,2024-12-28 22:23:00.000
2024-12-29 02:38:00.000,2024-12-29 02:53:00.000
2024-12-29 03:25:00.000,2024-12-29 03:40:00.000
2024-12-29 03:56:00.000,2024-12-29 04:14:00.000
2024-12-29 04:18:00.000,2024-12-29 04:45:00.000
2024-12-29 05:12:00.000,2024-12-29 05:32:00.000
2024-12-29 05:41:00.000,2024-12-29 05:58:00.000
2024-12-29 06:48:00.000,2024-12-29 07:08:00.000
2024-12-29 07:08:00.000,2024-12-29 07:34:00.000
2024-12-29 07:54:00.000,2024-12-29 09:00:00.000
2024-12-29 09:41:00.000,2024-12-29 09:55:00.000
2024-12-29 10:26:00.000,2024-12-29 10:54:00.000
2024-12-29 12:15:00.000,2024-12-29 12:29:00.000
2024-12-29 12:50:00.000,2024-12-29 13:00:00.000
2024-12-29 15:02:00.000,2024-12-29 15:22:00.000
2024-12-29 16:56:00.000,2024-12-29 17:20:00.000
2024-12-29 17:46:00.000,2024-12-29 17:58:00.000
2024-12-29 17:58:00.000,2024-12-29 18:08:00.000
2024-12-29 18:27:00.000,2024-12-29 18:58:00.000
2024-12-29 20:31:00.000,2024-12-29 20:46:00.000
2024-12-29 21:42:00.000,2024-12-29 21:57:00.000
2024-12-29 21:57:00.000,2024-12-29 22:13:00.000
2024-12-29 23:20:00.000,2024-12-29 23:36:00.000
2024-12-30 00:33:00.000,2024-12-30 00:58:00.000
2024-12-30 02:50:00.000,2024-12-30 03:08:00.000
2024-12-30 04:01:00.000,2024-12-30 04:28:00.000
2024-12-30 04:29:00.000,2024-12-30 04:34:00.000
2024-12-30 06:13:00.000,2024-12-30 06:40:00.000
2024-12-30 08:34:00.000,2024-12-30 08:44:00.000
2024-12-30 08:44:00.000,2024-12-30 08:56:00.000
2024-12-30 10:00:00.000,2024-12-30 10:18:00.000
2024-12-30 14:34:00.000,2024-12-30 14:53:00.000
2024-12-30 16:45:00.000,2024-12-30 17:01:00.000
2024-12-30 17:14:00.000,2024-12-30 17:36:00.000
2024-12-30 17:36:00.000,2024-12-30 17:48:00.000
2024-12-30 18:14:00.000,2024-12-30 18:27:00.000
2024-12-30 18:27:00.000,2024-12-30 18:43:00.000
2024-12-31 21:09:00.000,2024-12-31 22:02:00.000
2024-12-31 22:02:00.000,2024-12-31 22:38:00.000
2024-12-31 22:46:00.000,2024-12-31 22:55:00.000
2025-01-01 04:35:00.000,2025-01-01 05:02:00.000
2025-01-01 18:05:00.000,2025-01-01 18:28:00.000
2025-01-01 21:32:00.000,2025-01-01 21:46:00.000
2025-01-02 17:18:00.000,2025-01-02 17:59:00.000
2025-01-03 11:29:00.000,2025-01-03 11:49:00.000
2025-01-03 21:54:00.000,2025-01-03 22:27:00.000
2025-01-03 22:32:00.000,2025-01-03 22:51:00.000
2025-01-03 23:14:00.000,2025-01-03 23:33:00.000
2025-01-03 23:50:00.000,2025-01-04 00:05:00.000
2025-01-04 00:34:00.000,2025-01-04 00:41:00.000
2025-01-04 04:58:00.000,2025-01-04 05:27:00.000
2025-01-04 12:34:00.000,2025-01-04 12:56:00.000
2025-01-04 23:08:00.000,2025-01-04 23:36:00.000
2025-01-05 02:14:00.000,2025-01-05 02:56:00.000
2025-01-05 07:04:00.000,2025-01-05 07:41:00.000
2025-01-05 09:09:00.000,2025-01-05 09:51:00.000
2025-01-05 15:20:00.000,2025-01-05 15:43:00.000
2025-01-06 01:29:00.000,2025-01-06 02:08:00.000
2025-01-06 03:36:00.000,2025-01-06 03:54:00.000
2025-01-06 16:12:00.000,2025-01-06 16:30:00.000
2025-01-07 22:35:00.000,2025-01-07 23:42:00.000
2025-01-09 00:18:00.000,2025-01-09 00:33:00.000
2025-01-17 02:01:00.000,2025-01-17 02:17:00.000
2025-01-17 03:08:00.000,2025-01-17 03:34:00.000
2025-01-17 09:10:00.000,2025-01-17 09:23:00.000
2025-01-17 11:19:00.000,2025-01-17 11:49:00.000
2025-01-17 13:24:00.000,2025-01-17 13:39:00.000
2025-01-17 18:42:00.000,2025-01-17 19:04:00.000
2025-01-17 19:44:00.000,2025-01-17 19:55:00.000
2025-01-17 19:59:00.000,2025-01-17 20:02:00.000
2025-01-18 00:44:00.000,2025-01-18 01:03:00.000
2025-01-18 03:00:00.000,2025-01-18 03:15:00.000
2025-01-19 03:28:00.000,2025-01-19 03:36:00.000
2025-01-21 10:08:00.000,2025-01-21 11:00:00.000
2025-01-22 10:44:00.000,2025-01-22 11:35:00.000
2025-01-24 20:48:00.000,2025-01-24 21:17:00.000
2025-01-27 07:52:00.000,2025-01-27 08:33:00.000
2025-01-28 19:41:00.000,2025-01-28 19:49:00.000
2025-01-31 13:40:00.000,2025-01-31 14:25:00.000
2025-01-31 20:14:00.000,2025-01-31 20:28:00.000
2025-02-01 13:14:00.000,2025-02-01 13:23:00.000
2025-02-02 10:01:00.000,2025-02-02 10:21:00.000
2025-02-02 12:41:00.000,2025-02-02 13:00:00.000
2025-02-02 13:58:00.000,2025-02-02 14:08:00.000
2025-02-02 15:08:00.000,2025-02-02 15:17:00.000
2025-02-02 15:21:00.000,2025-02-02 15:43:00.000
2025-02-02 23:09:00.000,2025-02-02 23:42:00.000
2025-02-03 03:52:00.000,2025-02-03 04:04:00.000
2025-02-03 05:37:00.000,2025-02-03 05:54:00.000
2025-02-03 07:32:00.000,2025-02-03 07:52:00.000
2025-02-03 09:09:00.000,2025-02-03 09:17:00.000
2025-02-03 13:07:00.000,2025-02-03 13:23:00.000
2025-02-03 18:25:00.000,2025-02-03 18:45:00.000
2025-02-03 21:04:00.000,2025-02-03 21:16:00.000
2025-02-03 23:14:00.000,2025-02-03 23:33:00.000
2025-02-04 00:43:00.000,2025-02-04 01:07:00.000
2025-02-04 01:35:00.000,2025-02-04 02:03:00.000
2025-02-04 05:07:00.000,2025-02-04 05:26:00.000
2025-02-04 11:09:00.000,2025-02-04 11:26:00.000
2025-02-04 12:54:00.000,2025-02-04 13:22:00.000
2025-02-05 03:12:00.000,2025-02-05 03:22:00.000
2025-02-05 07:44:00.000,2025-02-05 07:57:00.000
2025-02-06 10:47:00.000,2025-02-06 11:16:00.000
2025-02-06 23:12:00.000,2025-02-06 23:39:00.000
2025-02-07 06:18:00.000,2025-02-07 06:41:00.000
2025-02-07 07:12:00.000,2025-02-07 07:37:00.000
2025-02-07 08:59:00.000,2025-02-07 09:36:00.000
2025-02-08 08:57:00.000,2025-02-08 09:41:00.000
2025-02-11 05:22:00.000,2025-02-11 05:47:00.000
2025-02-14 02:13:00.000,2025-02-14 02:43:00.000
2025-02-14 09:48:00.000,2025-02-14 10:19:00.000
2025-02-14 20:45:00.000,2025-02-14 21:05:00.000
2025-02-21 12:05:00.000,2025-02-21 12:19:00.000
2025-02-21 14:31:00.000,2025-02-21 14:39:00.000
2025-02-23 02:00:00.000,2025-02-23 02:23:00.000
2025-02-23 11:47:00.000,2025-02-23 12:07:00.000
2025-02-23 19:22:00.000,2025-02-23 19:34:00.000
2025-02-24 01:33:00.000,2025-02-24 01:55:00.000
2025-02-24 06:53:00.000,2025-02-24 07:08:00.000
2025-02-24 20:51:00.000,2025-02-24 21:09:00.000
2025-02-24 21:50:00.000,2025-02-25 00:19:00.000
2025-02-25 02:43:00.000,2025-02-25 02:54:00.000
2025-02-25 11:20:00.000,2025-02-25 12:44:00.000
